ID,SNP1,SNP2,SNP3,SNP4,SNP5,SNP6,SNP7,SNP8,SNP9,SNP10,SNP11,SNP12,SNP13,SNP14,SNP15,SNP16,SNP17,SNP18,SNP19,SNP20,SNP21,SNP22,SNP23,SNP24,SNP25,SNP26,SNP27,SNP28,SNP29,SNP30,SNP31,SNP32,SNP33,SNP34,SNP35,SNP36,SNP37,SNP38,SNP39,SNP40,SNP41,SNP42,SNP43,SNP44,SNP45,SNP46,SNP47,SNP48,SNP49,SNP50,SNP51,SNP52,SNP53,SNP54,SNP55,SNP56,SNP57,SNP58,SNP59,SNP60,SNP61,SNP62,SNP63,SNP64,SNP65,SNP66,SNP67,SNP68,SNP69,SNP70,SNP71,SNP72,SNP73,SNP74,SNP75,SNP76,SNP77,SNP78,SNP79,SNP80,SNP81,SNP82,SNP83,SNP84,SNP85,SNP86,SNP87,SNP88,SNP89,SNP90,SNP91,SNP92,SNP93,SNP94,SNP95,SNP96,SNP97,SNP98,SNP99,SNP100,SNP101,SNP102,SNP103,SNP104,SNP105,SNP106,SNP107,SNP108,SNP109,SNP110,SNP111,SNP112,SNP113,SNP114,SNP115,SNP116,SNP117,SNP118,SNP119,SNP120,SNP121,SNP122,SNP123,SNP124,SNP125,SNP126,SNP127,SNP128,SNP129,SNP130,SNP131,SNP132,SNP133,SNP134,SNP135,SNP136,SNP137,SNP138,SNP139,SNP140,SNP141,SNP142,SNP143,SNP144,SNP145,SNP146,SNP147,SNP148,SNP149,SNP150,SNP151,SNP152,SNP153,SNP154,SNP155,SNP156,SNP157,SNP158,SNP159,SNP160,SNP161,SNP162,SNP163,SNP164,SNP165,SNP166,SNP167,SNP168,SNP169,SNP170,SNP171,SNP172,SNP173,SNP174,SNP175,SNP176,SNP177,SNP178,SNP179,SNP180,SNP181,SNP182,SNP183,SNP184,SNP185,SNP186,SNP187,SNP188,SNP189,SNP190,SNP191,SNP192,SNP193,SNP194,SNP195,SNP196,SNP197,SNP198,SNP199,SNP200,SNP201,SNP202,SNP203,SNP204,SNP205,SNP206,SNP207,SNP208,SNP209,SNP210,SNP211,SNP212,SNP213,SNP214,SNP215,SNP216,SNP217,SNP218,SNP219,SNP220,SNP221,SNP222,SNP223,SNP224,SNP225,SNP226,SNP227,SNP228,SNP229,SNP230,SNP231,SNP232,SNP233,SNP234,SNP235,SNP236,SNP237
1,1,1,2,0,0,2,0,1,2,0,0,2,2,2,0,2,1,0,0,2,0,2,0,1,0,0,1,0,1,1,1,2,0,0,0,2,0,2,2,2,2,0,2,1,1,0,0,1,2,0,1,0,0,2,0,1,1,1,0,1,1,2,1,1,0,2,2,1,2,1,1,1,1,0,1,0,2,0,1,1,2,1,2,2,1,2,0,2,1,2,2,1,1,2,1,2,2,0,0,2,0,2,0,2,1,1,2,1,1,0,2,1,2,1,2,1,0,2,1,1,2,0,2,0,0,2,1,2,1,1,2,2,0,2,0,2,1,2,2,2,2,2,0,1,1,0,0,1,0,2,0,0,1,2,2,2,2,1,1,2,0,0,1,0,0,2,0,1,2,2,0,0,1,0,1,2,1,2,0,1,2,2,0,0,0,2,2,2,1,0,2,0,2,0,2,1,1,1,1,1,0,2,1,2,1,0,1,1,1,0,1,0,1,2,0,1,2,2,0,2,0,0,2,2,1,1,1,0,0,2,1,0,1,2,2,2,2
2,2,2,2,1,1,0,1,1,2,0,0,2,0,1,0,2,1,2,2,1,2,0,2,0,0,1,0,2,2,0,1,0,0,1,0,2,1,2,0,1,2,1,2,0,0,1,1,2,1,1,1,2,2,2,0,1,1,2,1,0,0,2,0,0,1,1,2,0,0,2,2,2,0,0,1,1,1,1,2,0,2,1,2,1,1,2,2,2,0,2,1,2,0,0,1,1,0,0,1,1,1,0,1,1,0,0,0,0,0,0,0,2,1,2,1,0,1,1,1,1,2,2,2,2,2,0,0,2,1,2,0,2,0,1,1,1,0,0,2,0,1,2,0,0,1,0,0,2,0,1,0,2,1,2,2,2,2,0,1,0,2,2,2,1,1,1,2,2,1,2,2,2,1,1,2,0,1,2,0,0,1,1,0,0,2,2,2,2,1,1,1,1,0,0,0,1,0,0,0,2,1,2,0,1,1,2,0,0,2,1,2,0,0,1,2,0,2,2,0,0,0,2,2,0,0,2,1,1,1,0,1,1,1,1,2,0,0
3,0,1,1,0,2,0,0,0,1,2,1,1,0,1,2,1,2,2,0,1,2,0,2,2,1,2,0,0,0,2,2,1,1,0,1,2,1,1,2,0,0,2,0,2,0,0,0,1,2,1,2,2,2,0,0,1,1,2,0,2,1,0,0,2,2,2,2,2,2,1,2,1,1,0,1,0,1,2,1,1,2,1,2,0,0,0,2,1,2,0,1,1,2,0,1,1,0,2,1,0,2,0,2,1,0,1,0,0,1,2,0,1,2,1,2,2,1,2,1,0,2,0,2,0,1,1,1,1,0,1,1,2,0,0,2,2,1,1,2,1,2,0,2,2,2,0,0,1,2,2,0,1,2,0,2,0,1,1,0,2,2,0,2,1,0,1,2,0,1,1,1,1,0,0,1,2,0,1,0,2,0,0,2,1,2,1,1,0,2,0,0,0,1,2,2,1,2,0,0,2,0,1,0,1,2,2,0,0,1,1,2,2,2,2,1,0,0,2,0,0,0,2,2,1,1,1,1,0,2,1,1,1,1,2,2,1,2
4,2,0,2,0,2,0,1,2,1,1,0,1,0,0,2,1,2,1,0,0,0,1,1,2,0,2,2,0,1,1,1,2,1,1,1,1,1,0,0,0,1,0,1,2,0,0,1,1,1,2,2,2,2,0,2,2,0,1,2,2,1,2,0,1,1,1,0,1,2,0,1,2,2,2,2,1,1,0,2,2,2,0,2,2,0,2,0,0,0,0,1,1,2,0,2,1,2,0,1,2,0,2,1,1,1,0,0,2,2,2,1,0,0,2,1,0,1,2,2,1,2,0,0,2,1,2,0,1,2,2,1,2,1,1,0,1,2,2,1,0,2,0,1,2,2,2,2,1,1,1,0,2,2,1,0,0,0,1,0,0,1,2,1,2,1,2,2,2,1,1,0,0,2,2,1,1,2,2,0,2,2,0,0,2,0,2,1,0,0,2,2,2,2,0,0,2,2,1,2,1,2,2,1,2,0,2,1,1,1,0,0,1,2,2,2,1,1,1,2,1,1,1,2,0,0,1,1,0,1,1,0,0,2,0,1,2,0
5,0,0,0,0,2,0,0,2,1,0,1,1,1,0,2,1,2,1,0,0,2,0,2,2,0,1,0,2,0,2,2,2,2,0,1,0,0,0,1,2,2,1,0,2,0,2,1,1,1,1,1,0,2,0,1,1,0,2,1,2,1,1,1,0,2,0,1,2,0,1,0,2,0,0,0,2,1,0,0,0,0,1,2,0,0,2,1,0,2,0,0,1,2,1,0,0,0,1,1,0,0,1,1,2,2,1,2,0,2,1,2,2,2,1,1,1,0,2,2,2,0,1,0,0,2,2,2,1,0,0,0,2,1,1,2,1,1,1,2,0,0,1,1,2,2,2,2,1,1,2,0,2,2,2,2,0,1,2,1,1,2,0,0,2,1,1,2,0,0,1,1,1,0,0,0,0,2,2,1,0,1,1,2,0,1,0,1,2,2,2,0,0,2,0,0,2,1,1,2,0,1,2,0,1,2,1,1,1,2,1,0,2,0,0,0,0,2,0,0,1,1,2,0,2,2,0,2,2,2,1,0,0,0,1,0,0,1
6,2,2,0,2,2,0,2,2,2,1,1,1,1,2,0,2,2,2,0,2,2,2,0,2,1,2,1,2,2,0,1,1,1,2,1,0,0,1,2,0,1,1,0,0,2,0,0,0,0,2,1,0,2,0,1,2,1,0,0,2,2,1,2,2,2,0,0,0,1,0,0,0,0,2,1,1,2,1,2,0,0,2,2,2,0,1,2,1,2,2,0,1,0,2,2,0,0,1,1,0,2,2,0,2,0,0,0,1,2,2,0,1,0,1,0,0,2,1,1,1,2,2,2,0,2,0,0,2,2,0,1,1,0,1,1,0,2,0,1,1,0,1,2,1,2,1,2,0,1,1,0,1,0,0,0,2,1,0,2,0,0,1,0,2,0,1,2,1,1,0,1,0,1,1,2,2,0,0,1,0,1,0,0,0,0,0,1,1,1,0,2,2,1,0,2,2,1,0,0,2,0,1,0,0,2,1,2,1,1,2,2,2,2,0,1,1,0,2,2,0,0,0,2,1,1,0,1,2,2,1,2,1,1,0,2,0,1
7,2,2,1,2,1,2,1,0,0,1,1,2,2,2,2,2,0,2,1,0,1,0,2,0,0,0,1,0,2,1,1,0,1,1,2,0,0,0,0,1,2,2,1,0,1,2,1,2,1,2,2,0,1,2,2,0,2,0,1,1,0,0,0,1,0,2,0,2,1,2,0,2,1,2,2,0,2,1,2,0,1,0,0,2,1,1,1,0,0,1,0,2,1,1,2,2,1,1,0,0,0,1,0,0,0,1,2,2,0,2,2,1,2,0,2,2,0,0,0,1,2,1,2,1,1,0,2,1,2,1,0,1,2,0,1,2,0,0,2,0,2,2,2,2,0,1,2,2,1,0,1,1,0,1,0,2,2,2,0,2,0,2,1,0,2,2,1,1,2,0,2,0,0,1,0,1,2,1,2,2,1,2,2,0,0,0,2,1,2,1,0,2,1,0,1,2,1,1,0,1,2,1,1,1,1,0,2,0,1,1,1,1,0,1,1,2,0,1,2,1,2,2,1,2,2,1,1,1,0,2,0,2,0,1,1,0,1
8,1,0,1,2,1,0,2,1,2,0,0,0,1,0,2,1,1,0,1,1,2,2,0,2,2,0,2,1,0,1,0,1,2,0,1,2,0,1,0,1,0,1,2,2,2,1,0,1,0,0,2,2,1,1,2,2,2,1,0,1,1,0,1,2,1,0,2,1,2,0,0,1,2,1,2,1,1,0,1,0,1,2,1,1,2,2,2,1,2,1,0,2,0,1,0,2,1,2,2,0,1,0,0,1,1,1,0,0,1,0,0,0,0,1,2,2,0,1,1,0,0,0,1,1,2,2,1,1,1,0,1,0,0,0,0,1,1,2,2,2,1,1,1,2,1,0,0,0,0,2,2,2,1,1,0,0,2,1,0,0,1,2,2,1,2,0,2,0,1,1,1,0,1,2,1,1,0,2,1,2,2,0,1,1,1,1,2,1,1,0,0,0,2,2,0,1,1,1,0,2,2,0,0,2,0,2,1,2,2,0,0,0,0,1,2,0,1,2,0,0,0,1,0,0,0,0,1,2,1,1,0,2,1,1,0,0,0
9,2,1,1,1,2,1,0,1,1,2,0,0,2,1,0,0,0,2,1,2,2,1,2,2,2,1,1,0,1,1,2,0,1,1,0,0,2,2,2,1,0,2,2,2,2,0,2,1,2,1,0,1,1,0,2,1,1,1,0,0,2,2,1,0,2,1,2,2,0,0,1,2,2,1,2,0,0,0,1,1,0,2,2,0,1,0,0,2,1,1,1,2,1,1,0,0,2,0,0,0,2,1,2,0,2,0,2,0,0,2,0,1,0,0,2,1,1,2,2,1,2,0,2,0,0,2,0,2,0,2,2,0,0,2,2,2,0,2,2,0,0,0,0,0,1,0,1,1,1,0,2,1,1,2,1,2,1,1,0,2,0,1,1,2,1,0,1,1,2,1,1,1,2,2,2,2,0,1,1,1,2,1,2,0,2,0,0,1,1,2,1,1,0,1,1,1,2,0,1,1,0,2,2,1,1,1,0,1,1,0,1,1,0,2,0,0,2,1,0,2,1,2,1,2,2,2,1,1,2,0,1,0,0,1,1,2,0
10,1,1,0,2,2,0,0,1,1,0,0,0,2,0,1,1,0,2,1,1,0,2,2,0,0,1,2,1,0,2,2,0,1,2,2,2,1,2,2,2,1,0,0,0,2,0,1,0,1,0,2,0,0,0,2,2,0,0,2,0,0,2,0,1,2,1,0,1,0,0,1,1,0,0,0,1,1,2,0,2,0,1,0,2,0,2,1,1,0,2,1,2,0,0,2,2,2,0,0,0,2,1,1,1,1,1,2,2,1,0,2,2,2,0,1,0,1,2,2,2,0,1,1,2,2,2,0,0,0,0,1,0,2,0,0,1,1,1,0,0,1,0,0,0,0,1,0,0,1,1,1,1,1,2,0,1,1,1,1,1,1,1,1,1,0,2,1,1,1,1,1,0,2,0,2,1,2,0,0,1,0,0,0,1,0,1,2,2,2,2,0,0,2,2,0,2,1,1,1,1,1,1,1,0,0,2,1,0,2,1,1,0,0,2,2,1,1,2,2,0,0,0,2,2,2,2,2,0,1,0,2,0,1,1,1,2,1
11,1,0,2,0,0,2,2,1,1,2,2,2,2,1,0,0,0,2,2,1,1,2,1,0,1,0,0,0,1,1,1,0,0,1,0,1,2,1,1,1,1,2,0,0,1,1,2,0,0,1,2,2,0,2,0,0,1,0,2,2,2,0,1,0,2,2,2,1,0,0,2,1,0,0,1,1,1,2,1,0,2,1,0,0,2,2,0,1,0,0,0,0,0,0,2,0,2,0,0,0,2,1,2,1,0,2,1,1,2,0,2,0,1,1,0,0,0,1,0,2,0,2,2,2,2,2,2,0,0,1,0,0,1,2,2,0,0,1,0,0,1,1,2,0,2,2,0,1,2,2,0,2,1,2,2,2,2,2,1,1,0,0,1,2,0,0,2,0,0,2,2,1,0,0,1,1,2,0,0,0,0,1,1,0,0,0,2,2,0,0,2,0,0,1,1,0,0,1,0,0,2,1,1,2,1,2,2,0,2,1,2,0,2,0,0,1,1,0,0,2,1,0,0,1,2,1,2,0,0,0,0,1,1,2,1,0,2
12,2,0,0,1,0,2,0,2,1,1,0,2,2,2,1,1,1,0,0,0,2,1,2,2,2,0,1,2,0,0,1,0,2,0,1,1,1,2,2,1,0,2,2,2,1,1,1,1,1,2,1,1,1,2,0,1,0,0,1,0,1,2,1,0,0,2,1,2,2,0,1,1,0,2,1,2,0,0,2,2,2,0,2,1,0,2,0,0,0,1,2,1,2,0,1,2,1,2,0,2,1,0,1,0,1,1,0,2,1,0,2,1,1,1,0,1,2,2,0,2,2,1,0,0,2,1,2,0,0,1,0,2,0,2,2,2,1,0,1,1,0,1,2,2,2,2,1,2,1,1,2,1,0,2,2,1,1,1,0,2,1,1,1,1,1,0,1,1,0,2,1,1,0,0,1,2,0,1,2,0,2,2,0,1,2,0,0,0,0,2,1,0,1,1,2,2,2,1,0,1,0,0,2,2,1,0,1,2,1,2,2,1,0,2,0,0,1,0,1,0,1,2,2,0,1,1,1,2,1,2,1,1,0,2,0,2,1
13,0,1,0,2,1,1,1,2,2,1,2,0,0,1,0,2,0,1,2,1,1,1,0,0,1,1,0,0,2,2,1,1,0,2,1,2,1,1,0,1,2,0,0,1,0,1,1,1,1,0,2,2,0,2,1,2,2,0,2,0,1,2,1,2,0,2,2,1,1,0,0,0,0,2,0,0,2,1,1,0,2,2,0,1,2,2,2,0,1,0,2,2,1,0,1,0,1,2,2,1,2,2,2,1,0,1,1,1,2,2,2,1,0,2,0,1,0,0,1,2,1,2,0,0,1,0,1,1,1,0,1,2,2,1,0,2,0,0,1,2,2,1,2,1,2,2,2,0,0,2,1,2,1,2,1,2,1,2,2,0,1,0,2,0,1,0,2,2,1,2,1,1,1,2,2,1,1,2,2,1,0,1,0,0,1,0,2,0,1,0,0,2,0,1,0,0,0,0,0,1,0,1,2,2,0,0,0,2,2,0,0,1,2,0,0,2,1,1,2,0,1,1,1,2,0,2,0,0,1,0,1,2,2,1,2,0,0
14,2,2,1,2,2,2,0,2,1,1,2,1,1,1,2,0,2,0,0,1,0,0,2,0,2,2,2,2,1,1,1,2,2,2,1,1,2,0,0,0,1,1,0,0,2,1,2,0,2,2,1,0,1,0,2,0,2,2,0,1,1,0,0,1,0,2,0,1,0,1,2,0,2,2,1,1,2,0,2,0,1,1,0,0,2,0,1,1,0,2,2,2,2,1,0,1,2,1,0,1,0,1,1,0,0,0,2,1,1,1,2,0,2,2,0,0,0,1,2,1,1,0,0,0,2,1,1,2,0,2,0,2,1,1,0,2,1,0,2,0,1,0,1,1,1,0,0,1,1,1,2,2,1,0,0,2,0,0,0,2,1,1,0,0,2,1,2,2,1,2,0,0,2,2,2,2,2,0,1,1,1,1,1,0,1,2,0,0,1,2,1,1,0,1,0,0,2,0,0,0,1,2,2,0,1,1,2,1,1,0,2,1,1,2,1,2,2,2,2,2,2,1,1,1,0,0,2,1,0,1,2,1,0,2,2,2,1
15,0,2,1,1,2,1,0,2,1,1,1,0,0,0,2,0,2,0,0,0,2,2,1,2,0,0,1,2,2,0,0,0,1,1,0,2,0,1,1,2,1,0,1,1,1,0,0,0,2,1,0,2,0,0,2,1,1,1,2,0,0,1,1,0,1,2,1,1,1,1,1,1,1,1,2,1,1,0,2,2,1,2,0,2,1,1,0,1,0,2,0,2,1,1,2,2,0,0,0,1,1,2,1,0,2,2,2,0,2,2,0,0,2,2,2,1,2,0,1,2,2,0,2,0,0,2,2,1,0,2,1,2,1,2,2,0,2,1,1,0,2,1,2,0,1,1,2,2,1,2,2,0,1,0,2,0,1,1,2,2,1,2,1,2,2,1,0,2,1,2,1,2,2,1,0,1,1,0,1,0,0,1,1,0,1,2,0,0,1,0,0,2,1,0,2,0,2,1,0,1,0,1,2,0,2,1,0,1,1,1,1,2,1,2,0,2,0,2,2,0,2,2,0,2,1,2,0,1,2,2,1,2,0,2,2,1,0
16,1,0,0,1,0,2,0,2,0,1,2,1,0,2,2,1,2,2,1,2,2,2,1,2,1,1,1,0,2,0,2,2,1,1,0,1,0,0,0,0,0,1,2,1,0,1,0,1,1,1,0,0,2,1,0,1,1,2,0,0,2,1,2,1,2,1,0,0,2,2,1,1,2,2,0,1,2,0,2,1,2,2,2,0,1,2,1,1,1,2,2,1,1,2,1,1,0,2,1,2,2,0,1,0,0,0,2,0,1,1,0,0,2,1,1,2,2,1,2,1,1,2,0,0,0,2,0,0,0,1,2,1,1,0,2,1,0,1,2,1,0,2,0,1,2,2,0,0,1,2,2,0,2,2,0,0,2,2,0,2,0,2,2,2,0,0,1,2,2,2,1,2,1,2,0,0,2,0,1,1,0,2,2,1,1,2,1,0,1,0,2,0,2,2,1,0,0,2,0,1,1,0,2,1,1,0,2,2,0,0,2,2,1,2,1,2,1,0,1,0,1,2,1,2,1,2,1,0,1,1,2,1,1,2,1,0,0
17,2,1,0,0,0,0,2,2,1,1,2,1,0,0,0,2,0,2,0,1,0,1,0,0,0,1,1,2,2,1,2,1,2,1,1,2,1,1,0,0,0,1,1,0,0,1,2,1,1,2,1,1,2,2,2,2,1,2,0,2,2,1,1,1,2,1,2,0,2,2,1,1,2,0,0,1,2,2,2,0,2,0,2,1,1,1,2,1,0,0,0,2,1,1,1,1,2,1,0,0,0,1,1,0,2,1,0,0,2,0,1,1,2,1,0,1,0,2,0,2,0,1,2,2,2,1,0,1,1,1,1,1,1,0,1,0,1,0,1,1,1,2,2,1,0,0,2,2,0,0,1,1,0,1,1,0,0,0,1,0,0,1,2,2,0,0,2,2,2,1,1,1,0,0,2,1,1,0,2,1,0,1,0,1,1,2,1,0,2,0,0,0,1,1,1,0,2,1,2,1,1,1,1,2,0,0,2,1,2,2,2,1,0,1,0,1,2,1,0,2,2,2,1,1,2,0,0,2,1,2,2,0,1,2,1,2,0
18,2,2,2,0,1,1,0,1,0,2,0,1,1,2,2,0,2,2,1,2,0,2,2,2,2,1,2,1,1,0,2,0,1,2,1,2,2,1,2,1,1,0,2,0,0,0,1,2,1,0,0,1,2,2,0,0,1,1,2,0,1,0,1,0,1,0,0,0,2,1,2,0,2,0,1,2,1,2,1,1,2,1,1,1,1,0,0,2,2,1,0,0,0,0,1,1,0,1,0,1,0,0,0,2,2,2,2,1,2,1,2,1,0,0,2,0,2,2,0,0,0,1,2,2,1,0,1,1,0,2,1,0,0,2,2,1,0,2,2,1,1,2,2,1,1,1,1,1,2,1,2,2,1,1,1,2,2,0,1,1,0,0,2,2,0,2,0,2,2,2,1,1,1,0,0,1,2,0,1,0,2,0,0,0,0,0,0,0,1,2,2,2,2,0,2,2,2,0,2,1,2,0,0,0,2,2,0,0,0,2,0,0,2,0,0,2,1,0,0,2,0,0,0,1,0,2,1,1,1,2,0,1,0,2,1,0,2
19,2,1,0,1,1,2,2,1,1,1,1,1,2,1,1,2,0,1,2,1,2,0,2,2,2,2,2,2,0,0,1,2,1,2,0,2,1,2,2,0,0,1,2,0,1,0,0,2,2,1,1,2,2,2,1,1,1,2,0,2,0,0,0,2,2,0,0,1,0,1,2,1,0,0,0,1,1,0,1,1,2,2,2,0,0,1,1,0,0,0,0,1,0,0,1,2,2,2,2,2,1,1,2,1,0,0,2,2,2,2,2,1,0,2,1,1,1,0,0,1,2,2,1,1,2,1,2,1,2,0,0,2,0,0,0,2,1,2,0,1,0,1,0,1,0,1,1,1,0,2,2,0,0,2,1,1,2,1,2,1,1,1,0,1,2,2,2,2,2,0,0,2,0,1,0,1,2,1,0,0,2,2,1,2,2,2,1,1,2,2,1,2,1,0,1,1,0,2,0,0,2,0,0,2,0,0,0,2,2,1,2,0,0,1,1,0,2,1,2,0,0,0,2,2,1,0,0,2,0,1,2,1,0,1,1,1,2
20,1,1,0,0,0,2,0,2,2,0,0,2,1,2,2,1,2,0,2,0,2,0,0,2,0,2,0,1,1,0,1,0,0,2,2,1,2,1,0,2,0,0,2,2,0,2,1,2,2,1,1,1,2,2,2,2,1,1,1,1,1,1,2,0,0,1,0,1,2,1,1,0,1,0,0,1,1,0,0,2,2,1,1,0,2,2,2,2,1,2,1,0,0,1,0,1,1,1,2,0,2,1,2,1,2,1,1,1,2,2,1,0,0,0,0,2,1,0,0,2,1,0,2,1,1,0,2,0,0,1,2,2,1,2,0,1,0,0,0,0,2,1,1,0,1,2,0,2,0,2,2,1,1,2,1,2,2,0,1,0,1,0,0,2,2,0,0,1,1,0,0,0,0,2,2,2,0,1,2,2,1,1,1,2,0,2,2,1,2,0,1,0,2,1,2,1,1,2,2,0,2,0,0,1,2,1,0,2,0,2,0,1,0,2,2,0,0,2,0,1,1,2,0,1,2,1,2,0,2,1,2,1,0,0,1,2,0
21,1,0,2,1,1,0,2,1,0,0,1,2,0,1,2,0,2,1,2,1,2,0,0,2,0,2,1,0,1,1,0,0,1,1,0,2,1,0,1,0,2,2,0,2,0,1,2,1,0,1,2,2,2,0,0,0,1,2,2,0,1,1,1,0,1,1,0,1,0,0,2,1,0,0,2,2,1,0,0,1,1,0,2,0,0,0,0,0,1,1,1,1,2,1,0,0,0,2,1,0,0,0,2,0,2,1,0,0,0,1,0,1,2,0,1,2,2,0,1,2,1,1,1,0,1,2,2,0,0,1,1,2,0,0,0,2,2,0,1,2,1,2,2,1,0,1,2,1,2,0,0,1,1,1,1,2,0,0,1,1,1,0,0,2,1,0,2,1,0,1,1,2,2,2,2,2,0,1,1,0,1,0,2,1,0,2,1,1,0,2,1,1,0,0,1,2,1,2,0,0,1,0,2,1,0,1,0,0,0,2,2,0,2,1,1,2,0,1,2,0,2,2,0,1,2,1,2,1,0,0,1,0,2,0,0,2,1
22,1,0,0,0,2,0,1,0,2,1,0,0,0,0,2,0,0,2,0,1,1,0,2,0,1,1,2,0,1,2,1,1,2,0,2,2,0,2,1,1,2,1,0,2,1,1,1,2,0,0,2,1,0,2,2,2,2,2,1,0,2,0,1,0,2,2,2,2,1,1,1,0,0,2,0,0,1,2,0,2,2,2,0,0,1,1,1,2,0,2,1,0,1,1,1,2,2,0,1,2,1,1,1,2,1,1,1,2,0,0,2,0,1,0,1,0,1,2,0,1,0,2,1,1,1,0,2,1,0,0,1,2,2,0,1,2,1,2,0,0,1,2,0,1,0,1,1,2,0,0,2,2,2,0,0,1,1,0,2,0,2,0,1,2,2,2,2,1,1,0,0,0,1,1,1,2,0,2,0,2,0,0,0,0,0,2,0,0,0,0,2,0,0,1,1,2,1,0,0,1,0,1,0,2,1,0,1,2,0,2,1,1,1,1,2,1,0,0,0,0,0,2,2,0,1,2,1,1,0,2,2,2,2,0,2,1,1
23,1,1,1,0,1,0,2,2,1,0,2,2,2,1,1,0,0,0,0,1,0,1,1,1,1,2,2,2,2,2,2,0,2,1,0,0,2,0,0,0,1,0,1,0,1,0,1,0,1,2,0,2,0,1,2,2,1,2,0,0,2,0,1,0,0,1,2,0,2,2,1,0,1,2,0,2,2,2,2,2,2,1,1,0,2,2,1,2,1,2,0,2,1,2,0,1,0,1,1,0,0,2,0,1,0,0,2,0,2,0,2,2,2,1,2,0,2,1,1,0,0,0,0,1,2,1,2,1,1,2,1,0,1,1,1,1,1,0,1,0,2,1,2,0,2,2,2,1,0,2,1,0,0,2,1,2,0,0,0,2,2,2,1,2,2,2,1,1,2,2,1,2,1,2,1,2,2,1,1,2,2,1,0,0,1,1,2,0,2,2,2,0,1,0,2,1,1,1,0,1,2,2,0,0,2,2,0,2,1,0,2,2,2,0,1,2,2,2,0,2,1,2,1,0,1,0,1,2,0,2,0,1,1,2,0,1,0
24,2,2,0,0,0,0,2,2,1,2,2,1,1,1,2,0,1,2,2,2,2,2,0,0,0,0,0,0,2,2,0,2,0,0,0,2,2,0,2,0,2,2,0,2,2,2,0,1,1,2,1,0,1,2,0,0,0,2,2,0,2,2,0,2,2,2,0,1,1,0,0,0,1,2,2,0,1,0,1,0,0,1,1,2,2,1,0,0,2,0,2,1,2,1,2,2,1,2,1,0,1,2,2,2,2,1,1,0,0,0,2,2,2,2,0,0,1,2,1,0,1,2,0,1,2,0,0,1,0,2,0,1,0,2,1,0,2,1,2,0,1,1,2,1,0,1,2,2,2,0,2,2,0,0,1,1,0,1,1,0,1,1,2,2,0,2,2,2,0,1,1,1,0,2,1,1,2,0,2,2,0,0,0,0,2,1,2,1,1,0,1,2,2,0,2,1,0,2,1,0,0,2,0,2,0,0,0,2,0,1,1,1,2,0,2,2,0,0,0,0,2,0,0,0,1,2,1,2,0,2,1,2,1,0,2,0,1
25,2,1,1,2,1,1,1,1,1,0,2,2,0,1,1,0,0,1,2,1,0,0,1,2,0,0,1,1,1,0,0,0,0,2,1,2,1,0,0,0,1,0,0,2,1,1,1,0,0,1,0,2,1,0,1,1,0,1,1,2,2,1,2,0,2,1,2,0,1,1,1,1,1,2,1,2,0,1,0,1,1,1,1,0,1,2,0,2,1,1,2,0,0,0,0,1,2,0,1,2,0,1,0,2,0,1,2,1,1,2,0,0,2,2,0,2,2,2,0,2,0,1,2,2,1,0,0,2,2,2,1,1,0,1,0,1,0,1,2,1,0,2,2,2,0,2,0,2,2,0,0,0,0,0,2,2,2,2,1,1,0,1,2,2,1,1,0,2,2,2,1,0,1,0,0,0,0,0,2,2,0,0,0,1,2,0,2,1,0,0,0,0,1,2,0,1,0,2,0,2,2,0,1,2,2,1,0,1,1,2,1,0,1,2,1,2,0,1,0,1,0,1,2,2,0,0,0,2,0,0,2,2,1,2,1,1,1
26,2,1,2,0,0,0,1,2,1,0,0,0,1,2,2,2,2,1,1,0,2,1,2,0,0,1,1,0,1,0,0,2,1,0,0,0,2,2,0,0,2,1,2,1,2,2,1,1,2,1,2,0,1,1,0,0,1,0,2,2,2,2,0,2,2,1,0,2,2,2,0,2,0,0,1,2,2,2,2,0,0,2,1,0,2,0,2,0,0,2,1,0,2,2,1,2,0,0,1,2,1,0,0,0,2,1,1,0,0,1,1,1,1,0,1,1,1,2,2,0,0,1,0,0,2,0,0,2,1,2,2,1,1,1,2,0,0,0,2,1,2,0,2,0,2,1,1,1,1,0,1,1,2,1,1,1,1,2,2,1,1,1,0,0,0,0,2,1,1,1,2,2,1,2,1,2,2,1,2,0,2,1,1,0,1,2,1,0,2,0,2,1,1,0,1,0,1,1,0,1,0,2,0,2,0,1,0,2,1,2,2,0,1,2,1,1,2,0,0,2,2,0,1,2,2,2,0,2,1,0,2,2,1,1,2,1,1
27,2,0,2,2,2,1,0,0,0,2,1,2,1,1,2,2,2,2,2,2,0,1,0,2,1,2,2,2,2,0,1,0,1,0,0,2,1,0,1,0,0,0,2,2,0,0,2,1,0,0,2,2,0,1,1,2,1,1,2,2,2,0,0,2,0,0,1,0,1,2,1,2,0,0,2,2,2,2,2,1,2,2,2,1,1,1,0,1,0,0,1,2,2,2,1,0,1,2,0,2,1,1,1,0,0,0,1,1,1,0,0,0,0,1,0,2,2,1,2,0,0,2,0,2,2,1,0,0,1,2,0,0,0,2,0,1,2,1,2,2,1,1,0,1,2,1,2,2,2,1,2,0,0,0,2,1,1,2,2,2,2,2,2,0,2,0,2,0,0,0,1,1,2,2,1,0,2,1,0,2,2,0,1,0,2,2,1,0,0,2,2,2,2,2,2,0,0,0,1,1,0,2,0,1,0,2,2,0,0,1,0,0,1,1,1,0,1,1,1,0,2,2,0,1,1,0,0,1,1,0,0,0,2,1,2,0,0
28,2,0,1,2,2,0,0,2,2,2,1,2,0,1,0,0,0,0,0,0,0,0,0,2,0,0,2,2,2,0,0,1,0,0,2,2,0,1,1,1,2,1,0,0,1,1,2,2,1,2,0,0,1,0,2,1,1,1,0,1,0,2,2,1,1,2,1,0,2,2,2,1,2,2,1,1,1,1,1,0,0,0,0,2,1,1,2,0,2,2,2,0,0,0,0,1,1,2,2,2,2,0,0,0,1,1,1,1,1,1,1,2,1,0,1,2,2,0,0,0,2,1,1,1,2,0,0,2,2,0,0,1,2,1,2,0,0,1,1,1,2,0,2,2,0,2,0,2,2,1,2,2,2,2,0,1,1,2,2,2,1,0,0,1,2,0,0,0,2,0,0,0,2,2,1,0,1,0,2,1,2,0,0,0,0,2,1,2,1,1,2,2,2,1,0,2,2,0,1,1,0,0,1,0,0,2,2,2,2,1,2,0,1,1,0,2,1,2,0,1,2,1,2,0,1,1,1,0,1,0,1,1,0,2,2,0,2
29,2,1,0,2,1,1,0,1,2,2,1,0,0,0,1,0,2,0,1,1,2,1,0,2,1,0,1,2,1,2,2,0,1,1,2,0,1,0,1,0,0,2,1,0,0,1,1,2,2,2,0,1,2,1,2,1,2,0,1,0,2,1,0,2,2,0,2,2,0,1,2,0,0,2,0,1,1,0,2,2,1,1,1,0,1,1,2,0,1,1,0,2,2,1,0,0,2,2,1,1,2,0,2,2,2,2,2,0,2,1,1,1,2,1,0,0,1,2,1,1,1,0,0,1,0,2,0,0,1,0,0,0,0,0,2,2,0,0,1,2,0,0,2,2,2,0,2,1,1,1,1,0,0,0,2,2,0,0,1,0,1,0,1,0,2,0,0,2,0,2,0,1,0,0,0,2,1,1,0,0,1,2,1,0,2,1,0,2,2,0,2,2,2,0,0,2,0,1,2,1,1,1,1,2,2,0,0,0,0,0,1,1,0,2,2,2,1,1,2,2,2,1,2,2,1,2,1,0,0,2,2,1,0,1,0,0,1
30,2,2,1,2,1,1,1,0,2,2,0,0,0,1,1,0,0,2,2,2,2,0,1,0,2,0,2,1,1,2,0,2,1,0,1,0,0,0,2,2,1,1,0,1,0,2,1,2,2,1,1,2,1,2,2,2,2,0,2,0,1,1,1,0,2,0,2,1,1,2,2,2,2,1,2,0,2,0,2,0,1,0,0,1,1,1,1,0,0,2,0,2,2,0,0,1,2,1,1,1,0,0,0,0,2,0,1,0,1,1,0,0,2,0,0,1,1,0,2,0,2,0,1,0,2,2,2,2,0,0,0,0,0,0,0,1,0,2,2,2,2,1,2,1,0,0,1,2,0,1,0,2,2,0,0,2,1,1,0,0,0,0,0,2,1,2,0,1,1,1,1,0,1,2,0,0,0,0,2,0,1,0,1,2,1,0,0,2,0,2,0,1,1,0,2,0,0,1,2,1,1,0,0,2,2,0,1,2,0,1,2,0,1,2,1,1,2,0,0,2,0,1,0,1,1,2,0,0,1,1,0,0,1,0,2,1,2
31,2,1,1,0,1,1,1,1,1,0,1,0,2,2,2,1,0,2,2,1,2,1,2,0,2,2,1,2,2,2,0,2,1,0,2,0,0,0,2,0,0,2,0,1,1,1,1,0,1,2,0,2,2,1,0,2,2,1,0,2,1,2,1,2,0,1,1,2,1,2,1,1,0,1,2,2,1,2,1,2,0,1,0,2,2,2,1,1,0,0,0,2,1,1,1,1,2,0,2,1,1,2,2,2,2,0,2,0,1,1,2,2,0,2,1,2,2,0,0,1,1,2,0,1,2,1,0,2,0,0,2,0,0,2,2,2,2,2,2,2,1,2,0,1,0,0,1,0,2,0,2,0,2,0,0,2,0,0,1,2,0,0,2,0,1,0,0,0,2,2,0,1,1,2,2,1,0,2,1,2,0,0,1,0,0,0,0,2,2,0,0,1,0,0,2,2,2,1,0,0,1,0,0,0,1,0,2,0,2,1,2,0,0,0,2,2,1,2,0,1,2,2,0,0,1,0,0,0,1,1,2,0,2,2,2,0,2
32,0,0,0,0,2,2,0,1,2,1,2,2,0,1,1,0,2,0,0,1,2,1,0,0,0,1,0,1,2,2,2,0,0,0,2,1,0,2,1,1,2,1,0,0,0,2,1,2,0,2,2,1,0,2,0,2,2,1,0,0,2,2,2,0,0,0,0,0,1,1,2,2,1,1,0,1,2,0,0,1,2,0,0,1,0,0,1,2,2,0,0,1,0,1,2,0,0,1,0,2,1,0,0,2,0,1,1,2,1,1,1,1,2,0,0,1,1,2,0,0,1,1,2,1,0,0,0,0,1,0,1,1,0,2,1,1,1,1,2,2,1,0,2,0,2,0,1,0,2,1,0,2,2,2,1,1,0,2,1,0,1,0,2,2,2,2,1,0,1,1,0,0,2,2,1,1,0,1,1,2,1,0,0,0,1,1,0,1,2,1,0,2,1,0,1,0,0,2,2,2,1,0,2,2,1,2,0,1,1,0,1,1,0,0,1,2,2,1,2,2,1,2,1,1,2,2,0,1,0,1,0,1,1,1,0,0,1
33,0,1,2,0,1,1,0,2,0,2,2,2,0,1,0,2,0,2,2,2,2,2,2,2,2,1,1,2,0,1,2,2,1,1,1,2,2,2,0,2,0,1,0,2,1,1,0,0,2,1,1,2,1,0,1,1,0,2,0,2,2,1,0,1,1,2,2,1,2,2,1,2,2,2,2,0,0,0,0,2,0,1,0,2,2,0,0,1,2,1,2,0,0,1,2,2,0,1,2,2,1,1,1,2,1,1,1,2,1,0,0,2,2,2,1,1,2,0,2,1,1,2,2,0,2,0,0,1,1,2,2,1,0,1,2,1,0,0,1,1,0,1,0,0,1,1,0,2,2,2,2,1,2,0,2,2,2,2,1,2,0,2,1,1,2,0,0,0,1,2,1,2,1,2,2,1,2,2,2,0,1,1,1,1,0,2,1,1,2,0,2,2,1,0,2,1,2,2,1,0,0,1,1,0,2,1,1,2,0,2,1,0,2,1,2,2,0,2,1,1,0,0,0,1,1,2,0,1,0,0,0,2,2,1,1,0,0
34,1,0,1,1,0,0,0,1,2,0,1,0,0,0,1,0,1,2,1,2,2,1,0,1,1,2,2,1,1,1,0,1,1,0,1,0,1,0,2,0,0,1,1,2,2,1,1,0,1,1,0,2,1,2,0,1,2,0,0,1,1,1,0,1,1,2,0,2,0,2,1,0,0,0,0,0,0,2,2,1,2,0,2,0,2,0,0,2,0,2,1,1,2,2,0,1,0,2,1,0,0,0,1,1,2,2,1,1,0,2,1,1,0,0,1,0,2,1,0,1,1,0,0,1,0,0,1,2,0,1,1,1,2,2,0,0,1,0,0,0,2,1,2,1,0,1,1,2,1,1,0,1,1,2,1,2,2,0,2,1,2,2,1,1,0,0,1,1,1,0,1,2,2,2,0,1,2,0,0,2,2,2,0,1,1,1,2,2,2,2,2,1,0,1,2,0,1,0,1,0,1,2,0,0,0,0,1,2,2,2,0,1,0,0,0,0,2,2,0,2,0,0,0,2,0,0,1,0,0,0,2,0,0,0,0,1,2
35,0,1,1,1,1,1,2,0,1,2,2,0,1,0,2,1,2,0,0,2,0,2,1,0,1,2,1,1,1,1,2,2,2,0,2,1,2,1,1,2,2,0,0,2,1,0,0,2,1,2,0,0,1,0,0,0,0,0,1,2,2,2,1,2,1,0,1,2,0,1,0,1,0,1,2,0,0,1,0,1,0,1,1,2,0,2,0,2,0,1,0,1,1,2,1,2,0,0,1,2,2,0,0,0,1,1,1,0,1,1,0,0,1,0,0,1,1,0,0,0,1,1,1,1,2,0,2,0,0,0,0,2,2,0,2,0,2,1,1,0,2,1,2,2,0,2,2,2,1,0,0,2,0,1,1,0,2,1,0,0,0,2,2,2,1,1,1,1,0,2,1,1,1,2,2,0,2,0,2,0,1,2,0,0,0,2,0,2,0,1,2,1,0,2,2,1,0,1,1,1,1,2,0,0,2,2,2,0,0,0,0,2,2,2,2,2,2,2,2,2,0,0,0,1,1,0,0,2,1,2,1,0,2,1,2,1,1
36,1,0,1,2,1,1,0,0,0,0,2,1,2,0,2,0,0,1,2,0,0,2,0,0,2,0,1,2,0,1,1,2,1,2,1,0,2,1,0,1,0,2,0,2,1,0,2,2,2,0,2,1,0,1,1,2,2,2,1,1,2,0,0,2,2,2,0,0,2,0,1,1,0,0,1,1,2,2,1,1,1,2,1,2,1,1,2,2,0,1,0,2,1,0,2,0,0,1,0,1,0,1,0,0,2,1,2,1,0,0,2,1,1,2,1,2,1,0,0,2,0,0,1,2,0,2,1,0,0,1,2,1,1,1,2,2,2,1,1,0,1,0,2,1,1,2,2,2,0,2,0,1,0,2,2,2,2,2,0,0,0,1,0,0,1,1,1,0,1,1,1,2,2,0,0,1,0,1,2,1,0,1,0,0,2,0,0,1,2,0,2,2,2,2,2,2,2,2,0,1,2,2,2,0,0,1,2,1,0,2,2,1,1,1,1,0,2,0,2,0,2,0,0,1,2,0,1,2,0,1,1,1,1,1,1,2,2
37,0,1,1,0,2,2,1,2,2,2,0,0,1,1,1,1,1,0,0,1,0,0,2,1,1,0,1,0,2,0,2,1,2,2,0,1,1,1,1,2,2,2,1,0,1,0,2,1,0,2,0,2,1,1,1,0,1,1,2,2,2,0,0,1,2,1,2,0,1,0,2,0,0,1,0,0,1,2,2,0,0,1,2,1,2,0,0,1,0,0,2,1,2,0,2,0,2,0,2,1,1,1,1,2,2,0,1,1,0,2,2,2,1,1,2,0,2,2,2,2,2,2,2,2,1,1,2,0,0,1,2,1,2,0,1,1,1,2,1,2,0,1,1,0,1,1,2,0,1,0,2,2,2,2,1,1,0,0,1,1,1,0,2,0,0,1,1,2,2,0,0,2,2,2,2,2,2,2,0,0,0,1,1,0,0,0,2,0,1,2,2,0,0,0,0,2,1,0,0,1,2,2,1,1,2,0,2,0,2,2,1,0,0,2,1,0,1,1,0,0,1,2,0,0,2,2,2,2,2,2,0,0,0,0,1,2,1
38,0,2,1,0,2,1,1,2,0,0,0,2,2,2,1,2,0,1,2,1,1,0,0,1,2,1,1,2,0,1,2,1,0,1,0,0,1,1,2,1,2,1,2,0,0,0,0,2,2,1,2,1,1,2,1,0,2,2,0,2,1,2,1,0,2,2,0,0,1,0,1,2,2,1,0,1,2,1,2,1,1,2,2,0,2,1,2,0,2,0,0,2,2,0,0,0,0,2,2,0,2,1,2,1,2,0,1,0,0,2,1,0,0,2,0,1,1,1,0,2,1,2,2,0,2,2,2,0,0,1,2,0,1,2,0,0,2,2,2,0,2,2,2,1,1,0,0,2,0,0,0,2,1,0,1,2,2,1,0,0,2,0,0,2,1,1,0,2,0,0,0,2,0,2,2,1,1,1,2,1,1,2,2,1,0,0,1,0,2,1,0,0,2,0,2,2,1,2,2,2,2,0,1,1,1,0,0,2,1,0,2,1,0,0,1,0,1,2,2,0,2,0,1,2,2,0,2,0,1,0,0,0,2,1,1,1,2
39,0,1,0,1,0,2,2,1,2,0,0,2,0,1,2,1,2,0,1,1,2,1,1,1,0,2,1,2,0,0,0,0,1,0,1,2,1,2,0,2,0,1,2,0,0,0,1,2,1,2,1,1,1,0,2,2,0,2,0,1,1,0,1,0,0,1,2,2,2,2,2,0,0,0,1,0,1,2,1,1,1,2,2,2,1,0,0,0,2,0,0,1,0,1,1,1,0,2,2,2,1,1,0,2,2,1,1,0,1,1,2,2,2,1,1,0,0,1,0,1,0,2,0,2,1,0,2,0,1,0,1,2,0,0,1,2,0,2,0,1,1,1,2,0,0,1,1,0,2,2,0,2,1,1,1,0,2,2,0,2,1,2,1,0,1,1,1,1,1,0,0,1,1,2,0,1,1,2,1,0,2,0,1,1,1,2,0,0,2,1,2,1,1,1,2,2,0,0,1,1,1,1,2,2,1,2,0,0,1,2,1,0,1,2,2,2,2,0,0,1,0,1,0,1,2,0,1,1,2,2,2,2,0,2,0,0,2
40,2,2,0,0,1,0,1,0,2,0,1,2,0,0,1,1,1,1,2,2,1,0,0,2,1,1,1,0,1,1,0,2,0,2,1,1,2,1,0,0,0,0,2,0,1,0,2,0,2,1,1,1,1,0,0,0,0,2,0,1,0,2,1,2,0,1,0,1,0,1,2,2,0,2,1,1,0,1,0,0,1,1,2,2,0,1,1,2,0,1,1,2,0,1,0,1,1,2,0,0,1,1,2,0,0,1,2,1,1,2,1,1,2,2,2,2,2,2,0,2,1,0,2,1,2,0,0,0,1,2,0,1,1,2,0,0,1,1,2,1,1,2,1,1,1,2,0,1,0,2,1,0,0,2,2,2,2,1,0,0,2,2,0,0,0,1,1,0,1,2,0,2,2,2,1,2,1,0,1,2,0,0,2,1,2,0,0,1,1,2,2,1,0,1,2,0,0,2,0,1,1,0,0,0,0,1,2,0,1,0,0,1,0,2,0,0,2,2,0,0,0,2,1,0,0,2,0,2,2,1,1,2,2,0,2,0,1
41,0,0,2,2,0,1,2,1,1,2,0,1,2,2,1,2,0,1,1,0,0,2,0,0,2,2,2,0,1,1,0,0,0,1,2,2,1,2,0,0,2,1,1,1,1,2,2,0,1,2,1,0,1,2,0,2,2,2,1,2,2,2,0,2,0,0,0,0,0,2,2,1,1,0,1,1,1,2,2,2,0,0,1,2,0,2,2,0,2,2,2,1,1,2,0,0,0,2,0,2,1,2,2,0,0,0,0,0,2,0,0,0,2,2,0,2,2,1,2,2,1,0,2,2,1,0,1,0,0,0,0,0,0,1,1,0,0,2,1,1,1,2,2,0,1,1,0,0,1,0,0,1,2,0,0,0,0,2,2,0,1,1,2,0,0,2,1,2,1,0,0,0,2,2,0,1,1,1,2,1,1,1,0,1,2,0,1,0,1,2,2,2,0,0,1,2,1,0,0,1,0,1,2,0,2,0,1,2,0,0,1,2,2,0,0,1,0,1,2,1,2,0,1,1,1,2,2,1,1,0,2,1,0,2,2,0,2
42,2,1,1,0,2,1,2,0,0,0,2,0,2,1,1,2,2,2,2,0,0,2,2,0,0,0,0,2,2,1,1,0,0,1,0,1,2,0,0,0,1,1,1,0,2,0,1,0,1,2,2,0,0,0,2,1,1,2,1,2,2,2,2,1,0,2,0,2,2,1,1,2,0,2,2,1,0,1,2,2,0,2,0,0,0,1,0,0,1,2,2,2,1,1,2,0,1,1,1,0,0,0,1,1,1,2,2,1,1,2,1,1,0,0,1,1,1,0,1,2,1,2,0,2,1,2,0,1,1,2,2,0,1,1,1,2,0,0,2,2,2,2,0,1,0,1,0,2,0,1,0,0,2,0,0,2,0,0,2,0,1,0,1,1,0,2,1,1,0,0,0,2,1,2,2,2,2,2,0,1,0,1,1,0,0,2,2,1,1,0,2,2,0,2,0,2,1,1,0,0,0,1,2,0,0,1,0,2,2,0,2,2,1,2,1,0,1,2,2,2,1,1,0,2,0,2,1,1,1,1,1,2,0,1,0,2,2
43,2,0,0,0,0,0,2,1,0,2,2,2,2,0,2,0,1,2,2,2,2,0,2,0,1,0,2,0,1,1,1,0,1,1,1,1,2,1,0,0,2,1,2,1,1,0,2,1,1,1,1,2,1,2,0,2,1,0,2,0,0,0,0,0,2,2,1,0,0,1,1,2,2,0,1,0,0,2,0,0,1,0,2,1,0,0,1,1,1,1,0,1,1,1,0,1,0,2,2,2,2,1,1,2,0,1,2,1,0,0,0,1,2,1,1,2,2,2,1,0,2,1,2,2,1,1,0,1,1,2,1,1,1,2,2,0,1,2,1,2,0,2,2,2,1,1,2,0,2,2,2,2,0,2,0,1,1,0,2,0,2,0,0,0,2,2,2,0,2,2,0,2,1,0,1,0,1,1,1,2,2,0,0,0,0,0,0,2,1,0,0,2,1,2,0,1,0,0,1,2,1,2,1,2,1,2,1,2,2,0,0,0,2,0,1,2,0,0,2,1,1,2,1,1,1,2,0,1,0,0,1,2,1,1,1,0,2
44,1,2,2,1,1,2,0,1,1,1,0,0,2,2,1,2,1,0,2,0,0,0,1,2,2,1,0,1,0,2,2,0,1,0,0,2,2,0,1,2,0,0,2,2,0,1,2,0,2,1,2,2,1,2,2,2,1,0,1,0,1,1,0,2,1,0,2,1,0,1,0,2,0,2,0,1,2,1,1,2,1,0,2,0,1,2,2,2,0,2,1,2,2,0,2,1,2,0,1,1,0,1,1,0,0,0,0,2,1,2,1,1,2,2,1,0,0,2,1,0,2,1,1,1,1,1,1,0,2,1,2,0,2,2,1,1,1,0,0,1,0,0,2,2,2,0,1,0,0,0,1,1,0,1,0,0,1,1,1,2,2,2,0,1,2,0,2,1,0,1,0,0,2,0,2,0,1,0,1,2,0,2,0,1,2,2,2,2,0,1,1,1,1,0,2,0,2,1,1,2,1,2,2,0,1,0,1,1,1,0,2,2,0,0,1,0,1,0,2,1,0,0,1,2,1,1,0,0,1,2,1,1,1,0,0,0,1
45,0,1,0,2,1,0,0,1,1,2,0,2,1,2,2,2,2,2,1,0,2,2,1,1,1,2,1,1,0,0,0,0,2,1,0,1,2,2,2,1,0,0,1,2,1,2,1,1,0,1,1,1,1,0,2,1,1,0,0,2,2,2,0,2,0,1,1,0,0,2,2,2,0,1,2,0,1,0,1,1,0,1,2,2,2,1,0,1,1,0,0,0,2,0,2,1,2,0,2,1,2,1,0,2,1,2,0,2,0,0,2,2,2,2,2,1,2,1,0,1,1,0,2,0,2,1,2,0,1,2,2,0,1,0,2,2,0,1,2,1,0,0,1,0,1,0,1,2,0,0,2,2,1,0,1,1,0,2,0,0,0,2,2,1,0,0,0,1,1,2,1,1,1,1,0,0,1,2,1,1,0,1,0,1,0,0,1,1,2,2,2,2,0,1,1,1,1,1,1,2,0,1,1,2,1,1,1,1,0,2,0,2,1,0,1,1,1,0,2,1,1,2,0,0,2,0,1,0,2,2,0,0,0,2,0,2,2
46,1,0,1,1,1,0,1,1,1,1,1,2,2,0,2,0,0,0,0,2,0,0,0,2,1,1,0,2,2,2,0,2,2,1,1,2,0,0,2,1,0,1,1,0,1,1,1,1,1,0,1,1,0,2,1,1,2,0,0,1,2,2,0,0,2,1,0,2,2,1,1,0,2,2,0,1,1,1,0,2,2,1,2,1,0,0,1,0,1,1,2,2,1,1,0,1,1,2,0,0,0,1,2,1,1,1,1,0,2,0,1,0,0,0,0,0,2,1,0,0,2,0,0,0,1,1,1,0,2,0,1,1,0,2,1,1,0,0,1,0,0,0,0,0,1,2,0,2,2,1,2,2,1,1,1,2,2,0,1,1,1,1,2,2,0,0,0,1,1,1,1,2,2,0,1,1,2,0,1,0,2,1,1,0,1,1,1,0,1,1,0,1,0,0,0,2,0,2,2,1,0,1,2,1,0,1,2,0,1,2,0,2,2,1,2,1,2,0,2,0,0,0,0,2,0,0,0,1,0,0,1,2,1,1,1,1,1
47,2,1,1,0,1,0,0,0,0,0,2,2,0,0,0,1,0,2,1,0,2,0,0,0,1,0,0,2,1,0,2,1,0,0,2,0,2,1,0,2,2,1,2,2,1,0,1,0,2,0,2,0,1,0,0,2,1,0,0,2,1,0,2,0,1,1,0,1,0,2,0,0,0,0,1,0,2,1,1,1,0,1,1,0,2,1,2,0,2,0,1,0,1,2,0,1,2,2,1,0,2,2,0,2,2,2,2,2,1,2,1,2,0,0,2,1,2,2,0,1,1,2,0,0,0,0,1,2,2,1,0,0,0,2,2,1,0,1,2,1,0,0,0,2,0,1,0,1,0,2,2,0,2,0,1,2,0,1,2,2,0,1,1,1,0,1,1,0,0,2,2,1,2,1,2,2,0,0,2,2,0,1,1,0,2,1,1,2,2,2,2,1,2,1,2,0,1,0,1,0,1,0,1,1,2,2,0,1,1,0,0,1,0,2,1,2,1,2,1,2,0,0,0,2,1,0,1,0,2,0,2,0,1,2,0,1,1
48,1,0,2,2,1,1,1,1,2,2,0,2,1,1,2,1,2,2,0,1,0,2,2,2,2,1,1,2,1,0,1,0,0,1,1,1,2,1,2,2,1,0,1,0,0,2,0,0,0,2,0,0,0,2,2,1,1,1,2,0,2,0,1,0,1,1,1,0,0,1,0,0,2,0,1,1,2,0,1,0,1,0,1,0,1,1,1,0,0,2,1,0,2,0,1,2,2,1,1,0,0,1,0,2,2,1,1,2,0,2,2,2,1,0,2,2,0,1,0,1,0,1,1,2,0,1,1,1,0,1,0,2,2,1,1,2,1,1,2,2,1,0,0,2,1,1,1,1,1,1,1,1,0,1,1,2,0,2,1,2,0,1,0,2,2,1,2,1,2,2,1,2,0,2,0,1,1,2,2,1,2,2,0,0,0,0,0,0,2,0,1,1,0,1,2,0,2,1,2,2,1,1,0,2,0,1,1,0,2,1,0,1,1,0,2,0,0,1,2,0,1,0,2,2,0,1,1,0,0,2,1,2,0,2,0,0,1
49,2,2,0,1,0,0,2,2,2,0,2,2,2,2,2,0,0,2,1,1,0,1,2,1,0,0,2,0,1,0,1,1,2,0,2,1,1,1,2,0,2,2,2,0,1,1,2,1,0,0,1,0,1,0,2,0,1,1,2,2,1,2,1,0,0,2,0,2,1,2,2,1,1,2,2,0,2,1,0,1,1,0,0,1,2,2,1,0,2,0,1,1,2,1,0,2,2,0,0,1,0,0,0,1,2,0,2,0,2,0,2,0,1,2,0,1,2,1,2,2,1,1,2,1,1,2,2,0,1,1,2,2,1,0,0,2,1,1,2,0,2,1,2,2,1,0,0,1,1,2,1,0,1,0,0,1,1,2,2,2,2,1,2,1,2,2,1,2,0,2,1,0,2,2,2,0,1,1,2,1,1,1,0,0,2,2,0,1,2,2,2,1,0,0,2,1,1,1,2,1,0,1,1,0,2,1,0,2,1,0,0,2,2,1,0,1,2,1,0,2,2,0,2,2,0,2,2,2,2,1,0,2,2,2,2,0,1
50,2,1,1,0,0,0,0,2,0,0,0,0,1,2,0,0,1,2,0,1,1,1,2,0,2,1,0,1,0,2,0,1,0,2,2,0,0,1,0,1,2,1,1,2,0,0,2,1,1,1,1,2,2,1,1,2,1,1,2,0,2,1,1,2,1,2,1,1,2,0,0,1,1,0,1,2,0,1,1,1,2,1,0,2,0,1,2,1,1,1,1,0,0,0,1,1,1,2,1,0,0,1,0,0,1,0,2,2,0,0,1,0,0,2,0,2,0,2,2,0,1,2,2,1,1,2,2,1,2,2,2,2,0,1,0,0,1,1,2,0,2,0,1,1,2,2,0,0,2,1,2,0,2,2,0,0,1,0,2,1,0,2,1,1,1,1,0,1,0,1,0,1,1,1,0,1,2,2,0,2,0,2,1,1,2,1,0,1,2,0,1,2,2,1,0,0,0,1,1,0,0,0,0,1,2,2,2,0,0,2,0,2,1,1,1,1,1,0,0,0,1,0,0,1,2,2,2,0,0,0,2,2,0,2,0,2,0
51,2,1,0,0,2,0,2,2,1,0,0,1,1,2,2,0,0,0,0,1,0,2,1,0,2,1,1,0,1,1,0,2,2,2,0,1,1,0,2,2,2,2,2,1,0,2,0,2,2,0,1,2,0,0,1,0,2,2,0,1,1,1,2,1,0,1,2,2,1,2,0,0,1,2,2,0,2,0,2,1,1,1,0,2,0,1,0,0,1,1,1,2,2,1,2,2,1,1,2,0,0,2,2,2,0,1,1,1,1,2,2,0,2,0,2,0,1,2,2,1,2,2,2,1,2,1,2,2,1,0,1,1,1,1,2,1,2,1,2,2,0,2,0,0,0,2,2,0,0,0,2,1,1,2,0,2,1,2,1,0,2,1,2,2,1,2,1,1,0,2,2,0,2,0,2,0,0,2,1,2,1,0,0,0,2,1,0,2,0,1,0,2,0,1,1,0,2,1,1,1,0,1,0,1,1,1,1,1,2,0,1,1,0,1,0,0,1,0,0,0,2,1,0,2,1,2,2,1,1,1,0,2,2,2,2,2,2
52,1,1,1,2,1,1,2,0,0,2,1,0,1,0,1,1,0,0,2,1,2,1,0,0,1,1,2,2,2,0,1,1,2,2,0,1,0,1,1,2,1,0,0,1,1,1,1,0,2,0,1,0,2,2,1,1,0,2,0,2,0,0,2,2,0,1,0,1,2,2,1,1,1,2,1,2,1,2,0,1,0,0,0,2,2,1,1,2,2,0,1,2,1,0,1,2,1,1,0,1,1,0,2,1,1,2,2,2,0,1,2,0,0,0,2,1,0,0,2,2,2,2,2,0,1,2,0,1,1,0,0,2,1,0,2,2,1,0,0,0,2,1,2,0,0,1,2,2,2,0,0,0,0,1,1,2,2,2,1,2,1,1,1,0,1,2,0,2,1,0,1,2,1,0,1,0,0,0,0,2,1,1,0,2,0,2,2,2,1,1,2,0,0,0,1,0,0,0,2,1,1,2,2,2,0,1,2,2,2,2,0,0,0,0,1,2,2,2,2,1,2,1,1,1,0,1,1,1,0,0,1,2,2,0,1,1,0
53,0,2,1,0,0,0,0,1,0,1,0,0,2,2,0,1,0,0,2,0,2,0,2,1,0,2,0,1,2,0,0,1,0,1,1,0,0,0,2,1,0,0,2,0,2,1,0,2,1,1,1,1,0,2,2,0,0,2,1,1,2,2,2,0,1,2,0,2,0,1,2,0,2,2,2,0,0,2,1,0,1,1,1,1,0,1,0,0,0,1,1,0,1,1,0,1,0,1,2,2,0,1,1,1,0,2,1,1,1,2,2,0,2,2,1,2,0,2,2,1,0,0,1,1,2,1,1,2,2,1,2,2,0,1,2,2,2,1,2,0,0,1,1,0,2,2,2,2,2,1,1,2,2,0,2,0,2,1,1,1,2,2,2,2,1,1,0,1,1,2,2,2,1,1,2,0,2,2,2,2,0,2,2,1,0,2,1,0,0,2,0,2,0,1,0,1,0,1,0,2,2,0,1,2,0,2,2,0,1,2,0,1,1,1,0,1,2,2,0,0,0,1,1,1,0,2,1,2,2,1,0,1,2,0,0,1,0
54,1,1,2,2,0,2,1,0,2,2,1,1,1,0,0,1,2,0,2,2,2,2,1,1,2,2,0,0,1,0,0,2,0,2,1,2,1,2,2,0,0,1,1,0,0,1,1,1,0,2,2,0,1,0,0,2,2,1,2,2,1,1,2,1,2,0,2,1,1,2,1,1,0,2,2,0,0,1,0,2,2,0,1,0,0,1,0,1,2,2,2,1,1,1,2,1,2,0,2,1,0,1,1,2,0,1,1,0,0,0,2,0,2,2,1,2,2,1,2,2,1,0,1,0,1,0,1,2,0,0,2,2,1,2,1,2,2,2,2,1,2,2,0,0,2,0,0,2,2,0,1,2,0,0,0,1,2,1,1,0,2,1,0,1,0,0,1,0,0,1,0,1,1,0,1,0,1,0,0,2,2,0,0,2,2,0,1,0,1,0,2,2,0,0,1,1,2,0,1,2,0,2,0,0,0,0,1,0,0,0,1,1,0,0,0,2,0,0,2,1,1,2,2,1,0,0,2,1,1,1,2,0,1,2,1,1,1
55,0,0,1,0,0,2,2,2,0,1,0,1,2,2,0,0,1,0,2,0,1,2,1,0,1,1,1,0,0,1,0,1,0,2,0,1,0,1,2,2,0,2,2,1,1,1,0,2,2,1,1,2,1,0,1,0,2,2,1,0,2,1,1,0,0,0,0,1,1,2,0,2,2,0,2,0,1,0,2,0,2,0,2,2,2,0,2,0,1,1,1,2,1,0,0,0,2,0,0,0,0,1,2,2,2,2,1,0,1,1,1,1,2,1,1,1,1,0,1,1,2,2,2,1,0,2,2,2,0,1,1,1,1,0,2,2,1,0,0,1,0,1,1,2,2,1,1,2,2,2,2,2,2,1,0,0,2,1,2,2,1,1,0,0,0,0,0,1,1,0,0,0,2,2,0,2,2,2,1,0,2,2,0,1,2,0,2,1,1,2,0,2,2,2,0,1,1,1,2,1,1,1,2,0,0,0,0,1,2,0,1,0,0,1,1,0,2,2,1,2,2,2,2,2,0,0,1,0,1,2,1,0,1,1,2,1,1
56,0,0,1,1,2,0,1,1,0,0,2,0,0,0,2,2,1,1,0,1,1,2,0,1,1,1,0,1,1,1,1,2,1,1,1,0,0,0,1,0,0,0,2,2,0,2,0,2,1,2,2,0,2,1,2,0,2,0,2,2,0,0,2,0,2,2,2,1,0,0,2,0,0,0,1,1,2,0,0,0,1,0,2,0,0,0,2,0,0,1,2,2,0,0,0,1,1,1,0,2,2,2,1,0,1,2,1,0,0,0,2,0,1,2,1,1,2,2,0,1,2,1,2,2,2,2,0,1,0,2,0,1,0,2,2,1,1,2,1,1,1,1,0,0,1,2,1,2,2,1,2,0,1,2,1,0,2,0,0,2,0,0,2,0,1,0,1,2,2,0,1,2,1,0,1,2,2,1,1,1,2,1,1,1,2,1,2,1,1,1,1,0,1,2,2,2,2,1,1,2,1,0,0,0,0,0,2,1,2,1,1,1,1,0,2,2,2,2,1,0,1,0,2,2,2,0,2,2,1,2,2,2,0,0,0,2,0
57,0,1,1,2,0,1,0,0,2,1,2,2,0,2,2,1,2,1,0,0,1,2,0,1,1,0,1,2,1,1,1,0,2,0,1,1,1,0,2,1,1,2,2,2,2,2,1,1,1,1,0,0,2,2,2,2,1,2,1,2,2,2,1,2,2,0,0,2,2,2,0,1,1,2,2,2,1,1,1,1,1,2,1,2,1,0,2,1,1,2,0,2,1,0,1,1,1,1,0,0,1,2,2,2,1,2,0,1,0,2,2,1,0,2,1,0,2,0,0,1,1,0,2,1,0,0,0,2,0,2,0,0,2,0,2,0,2,2,2,0,2,0,1,2,2,1,1,0,0,1,1,0,2,1,2,2,0,0,2,0,2,2,0,2,1,2,0,0,0,1,0,2,2,1,0,0,0,0,2,0,0,0,1,1,2,0,2,0,1,0,1,0,0,0,0,1,2,0,0,1,1,0,0,2,0,0,0,2,1,2,0,2,2,2,2,1,2,0,0,1,1,2,0,0,1,0,1,1,0,1,0,0,1,2,0,2,2
58,2,1,0,0,1,2,1,1,2,1,2,2,0,2,2,2,1,0,2,1,0,1,2,1,0,2,2,2,1,1,1,2,0,1,1,1,0,1,2,1,1,0,2,0,0,2,1,2,1,1,2,0,1,1,1,1,0,1,0,1,0,2,2,1,1,2,0,0,2,2,2,1,2,2,0,1,1,1,2,1,2,2,2,1,2,1,1,2,2,2,2,1,1,0,2,0,1,0,0,2,1,1,2,2,0,2,2,1,1,1,1,0,0,1,0,1,0,0,1,2,1,0,1,0,2,1,0,0,2,2,2,0,2,2,1,2,2,2,1,0,0,0,1,1,1,2,0,2,2,1,2,1,0,2,0,1,2,1,0,1,1,1,0,2,1,2,0,1,2,1,2,2,0,2,0,0,0,0,2,1,0,0,0,0,2,2,2,2,1,0,1,0,1,1,0,0,2,0,1,1,2,1,0,1,2,2,1,1,2,2,1,0,0,1,2,2,2,2,2,0,1,2,1,1,1,2,1,0,2,1,1,2,0,0,2,0,2
59,1,0,1,1,0,0,2,0,1,0,2,0,0,0,1,2,0,0,0,2,1,0,1,2,2,2,0,2,0,2,0,1,2,1,1,0,0,0,0,0,2,1,1,1,1,0,0,2,2,2,0,1,2,0,1,2,1,0,2,0,1,2,0,2,0,2,1,0,1,2,0,0,0,2,2,0,2,1,0,2,1,1,0,0,1,2,2,2,2,1,1,2,1,2,1,0,0,0,2,0,0,0,0,2,0,0,1,0,2,0,1,1,1,1,2,2,1,1,0,2,2,1,2,2,2,0,0,2,0,0,2,1,2,2,1,2,1,0,0,1,2,1,1,0,0,0,1,1,0,2,1,0,1,1,0,2,0,1,0,2,2,1,2,0,2,2,0,1,2,1,1,2,0,0,0,0,1,0,0,0,2,0,2,0,1,2,0,2,2,1,0,2,0,2,1,2,2,1,0,2,2,2,1,0,2,2,2,1,1,0,0,0,2,2,0,1,0,0,2,2,1,0,2,0,1,1,2,0,1,2,0,0,0,1,2,1,2
60,1,0,0,1,1,0,0,0,0,1,0,1,2,0,0,2,0,0,1,2,0,1,0,2,2,2,0,0,2,2,1,2,2,2,0,1,0,2,1,2,2,0,0,2,1,0,0,0,0,1,1,1,1,0,2,2,0,1,1,0,0,2,0,0,1,1,1,0,2,0,2,0,0,0,1,1,0,2,0,1,0,1,2,2,2,1,2,2,0,2,0,2,0,1,0,1,1,1,2,0,1,0,2,2,0,0,2,2,2,0,2,0,2,2,2,1,2,0,0,2,0,0,0,1,0,0,2,1,1,1,1,1,1,2,1,2,2,1,1,1,1,2,1,2,2,0,0,2,2,0,2,2,2,1,1,0,2,2,2,2,0,2,2,2,2,1,1,1,2,1,0,2,0,2,2,0,2,2,2,0,0,2,2,0,2,2,2,0,0,0,0,0,0,2,1,1,0,1,2,0,1,2,1,1,0,0,1,0,2,1,2,1,1,0,0,2,2,0,2,1,1,0,2,2,2,1,1,2,1,1,1,2,0,2,1,2,1
61,0,0,0,2,1,1,1,0,0,2,1,0,1,0,1,2,0,2,1,2,1,0,0,1,2,0,1,0,0,2,2,0,0,0,0,1,2,0,1,2,2,2,0,0,2,2,2,0,0,2,2,2,2,0,0,0,0,2,2,2,2,1,0,1,1,2,0,0,2,0,2,2,0,0,0,0,2,0,2,2,1,2,2,0,0,1,1,1,1,0,1,2,1,1,1,2,0,1,1,2,1,0,0,0,2,1,2,1,0,0,2,1,0,2,1,0,2,0,2,1,2,2,2,0,0,1,1,0,0,2,2,0,0,0,0,2,2,2,1,0,0,1,2,0,2,2,1,0,0,1,1,1,2,1,0,1,2,1,0,1,0,2,1,0,2,1,1,0,0,1,1,0,2,1,2,1,0,1,2,0,2,1,0,2,2,2,1,1,1,2,1,0,2,2,0,2,2,1,0,0,2,2,1,2,0,1,2,2,0,2,1,1,2,0,0,0,2,2,1,0,0,1,2,0,0,1,1,1,1,0,1,0,1,1,2,0,2
62,2,0,1,0,2,2,2,1,1,1,0,0,0,1,1,2,1,1,0,1,2,1,2,0,2,2,0,0,1,2,2,1,2,1,2,1,0,0,2,2,0,2,0,1,0,2,1,2,2,0,2,1,2,1,1,0,2,1,2,1,2,0,1,0,0,2,1,1,0,2,1,2,1,2,0,0,1,1,2,2,0,2,2,1,2,0,0,2,0,2,2,2,1,0,0,2,2,1,2,0,2,1,2,1,0,2,1,1,1,0,1,0,0,2,1,0,1,0,0,1,0,1,0,2,1,2,0,0,0,1,0,2,0,0,0,2,2,0,1,2,2,1,1,2,2,0,1,2,1,1,2,1,2,1,2,1,0,2,1,1,1,1,2,2,0,0,2,0,1,2,0,2,1,1,0,2,2,2,0,1,0,0,2,0,1,0,0,0,2,0,2,2,1,1,2,2,2,2,2,2,1,1,0,0,1,1,1,0,1,2,1,0,2,0,1,0,1,1,0,2,2,1,2,2,1,1,2,2,1,0,1,1,2,1,1,1,0
63,0,0,1,2,2,1,0,0,2,1,2,0,1,1,0,1,1,0,1,2,1,0,1,1,0,2,1,1,2,0,2,0,2,1,1,1,2,1,2,0,0,2,1,1,1,0,0,0,0,0,2,0,2,0,0,1,2,0,0,0,2,1,0,1,2,0,1,0,1,1,2,1,0,1,2,1,0,2,1,1,2,2,0,2,0,0,1,1,0,0,2,2,1,1,2,1,0,0,1,2,2,1,1,1,2,2,0,1,0,2,2,2,1,1,0,2,2,1,2,2,0,0,2,2,0,1,0,1,0,0,2,0,0,1,1,0,1,0,2,1,2,0,0,1,2,2,2,0,2,1,2,1,2,2,1,0,0,1,2,0,1,1,1,2,0,0,0,1,2,0,0,0,0,0,2,0,0,1,0,2,0,0,1,0,0,1,2,1,0,2,0,1,1,0,0,2,1,0,0,2,0,2,0,2,1,2,0,2,0,2,1,2,0,1,1,2,2,2,0,1,2,1,2,1,0,1,0,1,0,2,1,0,0,0,2,0,1
64,2,0,1,2,2,2,2,2,0,1,1,1,0,2,0,0,2,1,2,0,1,0,0,1,0,2,2,2,2,0,2,2,2,0,1,1,2,2,2,1,0,2,1,2,2,0,1,2,2,0,1,0,2,2,2,0,0,2,2,2,2,1,1,0,2,2,1,2,0,1,0,2,2,1,1,1,0,1,0,1,2,0,2,0,0,1,2,0,2,0,2,1,2,0,2,1,0,2,2,2,0,2,0,2,0,1,2,1,2,1,0,2,0,0,2,2,2,1,1,0,2,0,1,0,0,2,1,0,2,0,0,0,2,1,1,1,0,2,1,2,1,2,0,0,1,1,1,1,0,1,0,0,0,2,2,0,1,2,0,1,2,2,1,0,0,1,1,0,0,0,0,1,2,0,2,0,2,1,0,2,0,1,0,0,0,0,2,0,0,2,0,0,0,0,1,1,1,1,2,2,2,1,2,1,1,0,2,0,0,1,0,2,2,1,1,2,2,2,0,0,2,1,0,0,0,1,1,2,1,2,1,1,1,1,0,2,0
65,2,0,1,1,2,1,1,2,1,0,2,2,2,0,1,2,0,2,0,2,2,2,0,2,1,1,1,2,0,2,0,2,2,0,2,2,2,1,1,0,2,1,2,1,0,1,1,0,0,2,2,1,1,2,1,1,2,0,2,2,1,0,0,2,1,2,1,0,2,2,0,0,0,1,2,2,2,2,2,1,2,1,2,2,0,2,1,1,2,0,0,0,0,2,0,2,1,2,2,1,0,2,2,2,2,2,1,0,0,2,2,1,2,2,0,1,2,1,2,1,1,2,2,0,1,2,1,0,2,1,0,1,1,2,0,1,0,2,0,1,0,0,0,0,2,2,1,1,2,1,0,2,0,1,0,1,1,0,2,2,2,0,1,0,2,1,0,1,1,0,1,1,0,1,0,1,2,1,0,2,2,0,0,0,0,1,2,1,2,1,0,1,0,1,1,0,1,1,0,0,2,0,2,2,2,2,0,0,0,1,2,1,2,1,2,0,2,2,2,2,1,2,2,2,2,1,2,2,1,1,2,2,0,1,2,2,0
66,0,2,0,0,2,2,1,0,2,1,2,1,1,1,2,2,0,0,0,1,2,0,1,0,2,2,1,0,1,2,1,0,0,0,1,0,1,1,0,1,1,2,0,2,2,0,1,0,2,1,0,1,2,1,1,1,1,0,0,0,1,1,0,2,1,2,2,1,1,2,2,2,0,2,1,1,1,0,1,2,1,2,2,0,0,1,1,1,0,0,2,1,1,1,1,2,0,1,1,0,2,0,1,0,1,1,0,2,0,0,0,2,0,2,2,0,2,2,1,0,2,0,1,1,0,1,0,2,1,1,0,1,2,2,0,2,2,2,0,0,2,0,2,1,2,2,2,0,0,2,0,0,0,2,0,1,1,2,0,0,2,2,1,1,1,1,2,0,2,0,0,2,1,0,0,2,2,2,2,0,0,0,2,1,2,0,2,2,2,0,1,1,2,2,2,1,1,1,2,0,1,0,0,0,0,2,2,2,0,0,0,2,1,2,1,0,1,2,2,1,1,1,0,1,0,0,2,1,2,2,0,0,2,0,0,1,0
67,2,2,1,0,1,1,2,2,0,2,1,0,2,0,1,1,2,1,2,2,2,1,1,0,2,1,0,1,2,1,0,1,0,0,2,1,0,0,2,0,0,2,0,1,0,0,1,1,0,0,0,2,1,2,1,1,2,1,0,0,0,2,0,2,2,2,0,0,0,0,2,1,1,2,0,1,1,2,2,2,2,2,1,1,0,1,2,0,2,0,2,0,2,2,1,2,1,0,1,1,1,0,1,2,1,1,2,2,1,2,1,0,0,2,1,1,1,2,0,2,1,1,2,2,2,1,0,1,2,1,2,1,2,0,1,1,1,1,0,1,1,2,1,0,0,1,0,2,2,2,0,1,1,1,0,1,2,1,2,0,2,2,2,2,0,2,2,0,2,2,0,2,2,0,0,1,2,2,2,2,2,2,2,1,0,2,2,0,0,0,2,2,2,2,2,2,1,0,1,2,1,2,0,1,2,1,2,1,0,1,2,0,2,1,1,2,0,2,1,0,0,2,1,1,2,2,0,0,1,2,0,1,2,0,2,0,0
68,1,0,1,2,1,1,2,1,1,1,2,1,0,2,1,2,0,1,1,1,1,0,2,1,1,1,0,1,1,0,2,1,2,0,1,1,0,1,1,0,2,2,1,1,0,1,2,1,0,2,1,0,0,0,0,0,1,2,0,2,1,1,0,0,2,0,0,0,1,0,1,1,1,0,0,0,0,2,0,1,2,0,0,1,2,1,0,2,1,1,0,1,1,1,2,0,0,0,1,1,2,2,2,1,0,1,1,1,2,1,0,1,1,2,2,0,2,1,2,1,2,2,2,1,2,2,2,1,0,2,0,0,1,2,1,0,2,1,2,0,1,0,2,2,1,2,2,1,0,0,1,0,1,1,0,1,0,2,0,1,1,0,2,0,0,0,0,2,0,2,1,1,2,1,0,1,2,2,1,0,2,2,0,0,1,1,2,2,2,2,1,1,1,1,1,1,1,2,0,0,2,0,1,1,1,1,0,0,2,0,1,1,2,1,0,0,1,1,2,1,0,0,0,1,1,1,1,1,2,0,1,1,1,0,2,2,1
69,1,1,0,0,2,1,0,0,2,0,1,2,1,1,1,0,0,2,1,1,1,2,0,1,2,2,2,0,1,1,1,0,0,0,2,2,1,1,2,0,0,1,0,1,0,2,0,0,2,1,1,2,1,0,2,0,2,2,2,1,1,0,1,1,2,1,0,2,2,0,2,1,0,0,1,1,2,0,2,0,2,2,2,1,0,2,1,1,1,0,2,1,1,1,1,0,2,2,1,2,2,2,0,2,1,1,1,2,2,0,0,2,1,0,1,0,0,2,2,1,1,0,1,1,0,0,2,0,1,1,0,0,0,0,0,0,0,1,1,1,1,0,0,1,2,2,0,1,1,1,0,0,0,0,2,0,0,0,0,1,2,1,0,0,0,2,2,1,0,1,1,1,2,1,0,1,2,0,0,0,1,1,2,0,1,1,0,2,2,2,1,2,0,1,1,0,1,2,0,1,1,0,1,2,2,0,2,2,0,2,1,0,2,2,2,2,0,1,0,2,1,2,0,1,2,2,2,2,2,0,0,2,0,1,0,1,2
70,2,0,1,2,0,0,1,2,1,1,2,0,1,1,2,1,1,1,0,1,2,1,2,2,1,2,2,2,2,0,0,0,1,2,0,1,2,0,0,2,2,0,2,0,1,2,0,1,2,0,2,0,0,1,0,0,2,0,0,2,0,2,0,0,0,2,0,2,1,1,2,0,0,0,0,0,2,0,2,0,0,0,1,0,2,2,0,0,2,1,2,1,2,0,0,1,2,0,2,2,2,1,1,1,1,1,2,1,1,2,0,1,0,1,1,1,2,0,0,0,2,1,1,2,0,0,2,0,1,0,1,2,2,1,1,2,0,2,0,1,0,0,1,1,1,1,0,2,0,2,2,0,0,1,0,2,0,0,0,0,1,2,2,0,2,2,0,0,2,0,1,0,2,1,0,1,2,0,2,2,0,2,0,1,1,2,2,1,2,1,1,0,0,2,1,2,2,1,0,0,2,0,1,2,2,0,2,0,0,2,1,0,1,2,0,2,0,0,1,0,1,1,1,2,2,0,1,2,2,1,2,2,0,2,0,1,1
71,0,1,2,2,1,0,0,1,1,1,0,0,0,2,0,0,0,0,2,1,2,0,1,1,1,0,0,1,1,0,2,0,1,1,1,2,0,0,1,2,0,2,2,2,1,2,2,1,2,1,0,0,2,0,2,0,0,1,0,1,0,2,1,0,1,0,1,0,0,1,2,0,1,0,0,1,0,2,2,1,2,2,2,2,2,2,2,1,2,0,1,1,1,1,0,2,0,2,0,0,2,2,0,0,1,2,0,1,0,0,1,1,1,0,0,0,1,1,1,0,0,0,0,1,1,2,2,2,2,0,0,0,2,1,0,0,1,0,0,1,0,0,2,1,2,2,1,1,0,0,1,2,1,2,0,2,1,0,1,2,2,2,1,1,2,1,1,2,2,0,2,0,1,0,1,0,0,0,2,1,1,1,2,1,0,0,0,2,0,2,1,2,0,1,1,0,0,1,1,2,2,2,2,1,0,2,2,1,0,0,1,2,1,1,0,1,1,1,2,2,0,1,0,2,0,1,0,0,0,2,1,2,1,2,1,2,1
72,2,0,1,2,1,1,1,2,2,2,2,2,1,0,2,2,1,0,0,1,1,1,0,0,1,0,1,2,2,2,1,1,1,2,1,1,0,2,2,1,0,0,1,1,0,1,0,2,2,0,0,2,0,2,0,1,2,1,0,1,0,1,0,2,2,2,2,2,0,2,0,1,2,1,1,1,0,2,0,0,2,0,2,1,0,0,0,0,1,0,1,0,2,2,1,1,1,2,0,1,1,2,0,1,1,2,1,0,2,1,2,1,2,2,0,0,2,0,0,2,0,1,2,0,0,1,0,1,0,0,2,0,1,2,2,2,2,1,1,1,0,0,1,1,2,0,1,2,2,1,2,0,2,1,0,1,1,2,2,2,0,2,0,1,1,1,0,0,1,2,2,1,0,0,0,1,1,2,2,2,0,0,1,1,2,1,0,2,2,2,2,0,1,0,1,1,2,2,1,2,2,1,2,2,0,1,2,1,0,1,1,0,0,0,1,2,1,0,2,2,1,0,1,2,1,0,2,1,1,1,0,0,2,0,1,2,2
73,0,0,0,2,1,0,1,1,2,2,0,2,1,0,2,1,2,1,1,2,2,0,2,0,1,1,2,1,1,1,0,2,1,1,1,0,2,1,1,1,2,1,0,1,1,0,1,2,2,1,1,1,2,1,2,1,0,2,1,1,2,1,2,2,0,1,0,1,0,1,1,2,0,0,0,2,0,0,0,1,2,0,1,2,1,0,2,2,0,0,1,2,1,1,2,2,1,2,2,1,1,0,1,1,0,0,2,1,1,2,0,1,2,0,0,2,0,2,1,0,2,1,2,0,1,1,2,2,0,2,2,0,0,0,2,0,0,2,2,1,1,2,2,0,1,0,0,0,1,2,2,2,2,0,2,1,0,2,1,2,1,2,1,2,1,1,2,1,1,0,1,2,0,2,2,1,1,1,0,1,1,0,0,0,1,0,0,1,2,2,0,1,0,2,0,2,1,2,0,1,2,0,2,0,1,1,0,0,2,2,0,2,1,2,1,0,1,1,2,0,0,2,1,1,1,2,0,0,2,1,2,1,0,1,2,2,1
74,0,1,1,1,0,1,1,2,2,1,2,2,2,2,0,0,0,1,2,0,0,0,1,1,2,2,2,0,2,0,0,2,0,2,1,0,1,1,1,2,0,2,2,0,0,2,1,0,0,0,0,0,2,2,2,0,2,1,0,2,1,2,2,2,0,1,1,0,1,0,2,2,2,1,0,2,2,2,0,2,2,0,2,2,2,2,2,1,1,1,1,2,0,0,0,2,0,2,1,1,0,0,0,1,0,2,2,0,1,0,1,1,2,0,0,0,0,2,1,0,2,0,1,2,2,1,2,1,0,1,0,1,0,1,2,1,2,2,1,0,2,0,1,2,0,1,2,2,2,0,0,1,0,1,0,2,1,1,1,2,2,0,0,2,0,0,0,1,2,1,0,2,2,2,2,2,0,2,2,1,2,1,0,2,2,1,0,2,1,0,1,2,1,0,2,1,1,2,2,2,0,2,2,1,0,0,2,1,1,0,1,2,1,1,2,2,0,2,0,2,0,0,1,2,1,0,0,0,1,2,1,0,0,2,2,0,1
75,0,1,1,1,0,0,1,1,2,2,2,2,0,0,0,1,0,0,0,1,2,2,2,1,1,2,0,0,0,2,0,2,1,0,0,2,1,2,0,0,0,2,2,0,1,2,2,2,2,0,2,0,0,2,0,2,2,2,0,2,0,0,0,0,2,1,1,2,0,1,2,2,2,0,2,2,1,2,2,2,0,1,1,0,0,0,1,1,2,1,1,0,1,0,1,0,2,2,0,2,0,0,2,1,0,0,1,2,1,2,2,1,0,0,1,1,1,0,2,2,1,0,2,2,1,2,0,1,1,2,0,1,1,0,1,1,2,1,1,0,0,0,0,0,0,1,2,0,1,1,0,0,0,0,0,0,1,1,0,2,2,0,0,1,1,2,2,0,0,0,2,0,2,2,0,1,0,1,1,0,2,0,1,2,0,1,1,0,0,2,1,2,2,0,2,1,2,1,0,0,0,0,2,2,1,0,2,0,2,1,2,2,0,1,1,1,2,0,0,1,1,2,2,1,0,2,0,0,1,1,2,2,1,2,0,1,1
76,0,2,2,2,0,1,0,1,0,2,1,1,0,0,2,2,2,1,0,2,1,0,0,1,1,1,0,2,0,2,2,1,1,2,1,1,0,2,0,2,1,0,2,0,2,2,0,2,2,0,1,0,2,0,1,1,2,2,0,2,0,0,1,2,0,0,2,0,0,1,2,0,2,0,1,0,0,0,0,2,2,1,1,1,0,1,0,0,2,0,2,1,1,1,0,2,2,1,1,0,1,2,0,1,0,2,2,1,0,1,0,1,2,0,0,2,0,2,1,1,2,1,0,2,1,1,1,0,0,0,1,0,0,2,1,1,2,0,2,1,0,1,2,0,1,0,2,2,1,1,1,2,0,2,2,1,1,2,2,0,0,2,1,2,2,1,2,0,2,1,1,2,0,0,2,2,1,1,0,2,0,2,0,1,2,1,1,1,1,1,2,1,1,2,1,2,0,2,2,2,2,2,2,1,2,0,0,1,2,0,2,0,1,1,1,0,0,0,2,1,0,1,2,2,1,1,2,2,2,0,0,0,2,1,1,0,2
77,2,0,0,2,1,0,2,2,0,0,1,1,0,1,0,2,0,1,0,1,0,2,0,1,0,0,2,0,2,2,0,2,0,0,0,1,2,0,1,0,1,1,1,2,2,1,1,1,0,2,2,1,2,1,1,1,1,0,0,1,1,1,1,0,2,2,1,1,2,0,0,0,0,0,1,0,2,2,2,1,1,0,0,2,1,1,1,1,0,1,0,0,1,0,2,2,0,0,0,1,0,0,2,1,2,2,0,2,2,2,0,0,1,2,0,0,1,0,0,1,0,0,2,0,2,0,2,1,0,2,1,0,2,1,2,2,0,2,2,2,1,2,2,0,1,2,2,1,0,0,2,1,2,1,0,1,1,1,2,0,0,2,0,0,1,0,1,1,1,0,1,1,1,1,0,2,1,2,0,0,2,1,0,2,2,0,0,1,1,2,0,1,1,0,0,1,0,1,1,0,2,2,2,2,2,0,0,0,2,2,1,0,2,2,1,0,0,2,0,1,2,0,1,0,2,1,2,1,1,0,2,1,0,1,1,0,1
78,2,2,2,0,1,2,2,0,2,0,2,1,1,2,2,0,2,1,0,0,1,2,2,2,1,1,0,1,1,2,1,1,2,1,0,2,1,1,1,2,1,2,2,0,0,0,1,2,1,2,2,2,0,2,2,1,2,2,0,0,1,1,2,2,1,2,0,1,1,2,0,1,2,1,1,1,0,0,0,0,2,1,1,0,2,2,0,0,2,2,1,1,2,2,1,1,0,1,2,0,0,2,0,1,1,2,2,1,1,2,2,2,1,1,1,0,2,0,2,2,0,1,0,2,1,1,2,0,2,1,2,0,0,1,2,1,0,0,1,1,2,1,2,0,2,1,0,0,1,2,2,0,1,2,1,0,0,0,2,0,0,1,0,2,2,0,2,0,0,1,0,0,2,2,0,2,1,2,2,1,2,2,1,1,1,0,1,2,2,2,2,0,0,2,0,0,2,0,2,0,2,1,1,0,1,2,2,1,2,0,0,0,0,0,2,1,2,1,0,1,1,1,2,1,0,1,1,2,2,2,0,2,2,2,2,1,0
79,0,0,0,0,0,0,0,1,1,1,0,2,1,1,0,2,2,0,2,2,0,2,1,2,1,1,2,1,1,2,1,1,0,0,2,2,2,2,0,2,2,2,1,1,0,1,0,1,0,0,0,0,1,1,1,2,2,2,1,1,0,0,2,2,1,1,1,0,2,1,1,2,1,1,0,0,1,0,2,1,0,2,2,1,1,0,0,1,2,2,1,2,2,0,0,0,0,1,0,2,0,0,2,1,1,2,2,0,0,0,2,2,0,0,0,0,2,0,0,2,2,1,2,1,1,1,0,2,2,1,2,2,2,1,0,0,0,2,0,1,0,2,2,0,1,0,0,2,0,0,1,0,0,0,1,0,0,2,1,1,0,1,0,0,0,0,1,2,1,1,2,0,0,0,1,1,2,0,2,2,2,2,0,2,0,0,0,0,0,0,1,2,1,0,0,0,2,2,2,0,0,2,1,0,1,0,0,2,0,0,1,2,0,0,2,1,1,2,0,1,2,0,2,2,1,2,1,0,0,2,0,1,1,1,0,0,1
80,0,1,2,0,1,2,2,2,1,2,0,2,0,1,1,2,2,0,1,1,2,2,0,2,2,1,2,0,1,0,0,0,1,1,2,0,2,2,2,2,2,0,1,2,2,2,2,1,1,1,2,2,2,0,1,0,1,0,2,0,1,0,2,0,0,1,1,2,0,0,1,1,1,2,0,1,0,2,2,2,1,0,1,1,1,2,2,2,0,1,2,2,2,1,2,1,1,2,2,0,2,2,0,2,1,0,1,0,2,2,0,2,2,0,2,1,1,1,2,1,2,2,2,0,0,2,2,2,1,0,0,2,1,0,2,2,2,1,1,0,0,1,0,2,0,2,1,0,1,1,1,0,1,1,1,2,2,2,1,0,0,2,1,0,0,2,1,1,1,2,1,0,1,2,0,2,1,0,1,0,2,1,0,0,1,0,0,2,0,1,0,1,2,1,1,1,1,0,0,2,2,0,1,2,0,0,2,1,1,0,0,0,0,2,2,1,2,0,1,2,0,0,0,0,0,2,2,0,2,2,1,0,0,0,1,1,1
81,0,1,0,1,1,0,2,2,2,1,1,1,2,0,2,2,1,1,2,1,2,2,2,1,1,0,2,0,1,1,2,1,0,1,2,1,1,1,2,1,0,2,1,0,2,2,2,2,0,0,1,2,2,1,2,2,1,0,1,2,0,2,1,0,2,2,1,2,0,1,1,1,1,0,2,2,0,0,0,1,0,2,2,2,1,2,2,0,0,0,0,0,0,0,1,2,1,1,2,2,0,2,1,2,2,0,0,1,1,2,1,0,1,1,1,1,1,0,2,2,1,1,2,2,1,1,2,1,1,1,0,2,2,0,1,2,0,2,2,1,0,1,0,2,0,0,0,1,0,1,1,0,2,0,2,1,2,2,2,1,2,0,2,0,1,1,2,0,2,1,2,1,0,0,2,0,2,2,0,1,1,0,0,1,2,2,1,1,0,1,0,1,0,1,2,1,1,2,0,1,2,1,0,0,1,1,0,2,0,1,1,2,2,0,2,2,0,0,0,0,1,2,2,1,0,0,1,0,2,1,1,1,2,1,2,0,1
82,2,1,2,0,0,1,0,2,0,0,2,1,2,2,2,1,2,2,2,1,2,0,2,0,0,2,2,1,2,2,1,1,0,2,1,1,1,1,2,1,1,0,2,2,1,0,2,2,0,2,2,2,1,0,0,2,1,0,2,1,0,1,1,0,1,2,2,0,1,0,1,0,0,2,0,2,2,2,1,0,1,0,0,2,1,2,0,0,0,1,1,1,0,1,1,1,0,1,0,2,1,1,1,1,1,0,1,1,1,2,2,2,2,1,1,2,1,2,2,0,1,2,0,0,1,0,1,0,2,1,2,0,2,0,0,0,0,0,2,2,2,0,2,2,1,1,0,0,1,2,2,0,0,2,1,0,2,0,0,2,2,2,1,0,1,1,1,2,2,2,1,2,2,1,1,1,1,1,1,1,1,0,1,0,1,2,1,2,1,1,0,1,0,1,1,0,1,1,0,0,0,0,2,1,1,0,0,1,2,1,1,0,2,0,1,1,1,0,0,0,0,0,2,1,0,0,2,0,1,1,0,2,0,1,2,0,1
83,0,0,0,0,1,0,1,1,1,2,2,1,1,2,2,0,2,2,2,0,1,0,0,2,0,1,1,2,1,2,1,0,2,1,2,2,0,1,1,0,0,0,1,1,0,1,1,2,0,1,0,1,0,1,2,1,2,2,1,2,2,2,2,1,0,2,2,2,0,2,2,1,0,0,0,0,1,2,1,2,1,0,0,1,0,0,0,1,0,0,1,2,2,2,2,1,1,0,0,1,1,0,2,0,1,1,2,2,0,1,1,1,2,0,0,0,1,2,1,0,0,0,2,1,2,2,0,2,2,1,2,2,1,2,1,2,2,1,1,2,1,2,0,1,1,2,0,0,1,0,0,2,1,0,0,0,1,0,0,1,1,2,1,1,1,1,0,1,1,1,0,1,0,0,2,0,2,2,2,1,2,0,2,2,1,2,0,1,2,2,0,1,2,2,2,2,0,1,2,0,2,2,2,0,0,1,0,2,0,1,0,2,2,0,0,1,1,1,0,1,0,1,2,0,2,2,0,0,2,2,2,2,1,0,0,1,1
84,1,1,2,0,0,2,1,2,1,1,1,1,1,2,1,2,0,1,1,0,0,1,0,0,0,2,1,1,2,2,0,2,1,2,2,2,0,0,0,1,2,2,1,0,2,2,2,2,1,0,1,2,0,1,1,0,1,1,0,2,2,1,2,2,0,1,2,2,0,2,1,0,1,0,2,2,0,1,2,1,1,1,2,2,2,1,1,1,0,2,1,2,1,0,0,2,1,2,0,2,0,0,1,0,2,0,1,2,0,0,1,1,2,1,2,1,1,0,1,0,0,2,0,2,1,2,0,0,1,0,2,0,2,2,2,0,0,0,2,0,0,1,2,2,1,2,0,0,2,1,2,1,0,2,2,1,2,2,2,2,0,1,2,0,2,0,1,0,2,2,0,1,0,2,1,0,2,0,2,1,0,1,2,1,0,1,1,2,2,0,1,2,2,1,1,2,2,0,1,1,1,0,2,2,1,2,1,1,2,0,2,1,1,2,2,0,1,2,1,0,1,0,1,0,0,2,0,0,0,1,1,0,0,2,2,0,2
85,1,0,1,2,0,0,1,1,0,1,0,0,2,1,1,0,1,1,2,1,0,0,1,2,1,1,2,1,0,1,2,0,2,2,2,2,2,2,1,2,0,0,0,0,2,0,1,0,0,1,2,1,1,1,0,2,0,1,0,0,0,0,1,2,1,0,1,1,1,0,0,0,2,0,2,0,1,2,1,2,2,1,2,0,0,1,1,2,2,1,1,2,2,0,2,1,1,1,1,2,1,0,2,2,0,0,2,1,1,0,2,2,1,0,1,1,0,1,2,1,0,1,2,2,1,1,2,2,0,0,2,0,2,2,1,0,0,1,1,0,0,0,1,1,1,0,1,2,1,2,0,2,0,0,1,1,2,0,2,0,0,1,0,0,1,0,2,0,1,1,0,1,1,1,0,2,0,2,2,0,1,2,1,1,2,0,0,0,2,1,1,0,2,1,1,0,1,2,2,1,1,2,2,1,2,2,1,1,1,0,0,1,2,1,1,2,0,1,0,1,0,0,0,0,1,0,2,2,2,0,2,0,0,1,2,2,2
86,2,1,0,2,1,1,0,1,2,0,0,0,0,2,2,0,2,2,2,0,0,1,0,0,0,0,1,2,2,2,1,1,2,0,1,2,1,1,2,0,1,1,1,1,1,1,2,1,2,0,2,1,1,1,2,1,0,1,0,1,1,2,0,1,0,2,2,1,1,0,0,2,2,0,1,2,1,0,1,2,1,1,0,1,1,1,0,2,2,2,1,1,2,2,1,1,1,0,0,2,1,1,0,0,2,1,2,1,1,2,1,2,1,0,1,2,2,0,0,0,0,0,2,0,2,1,2,2,1,0,0,2,0,0,1,1,0,0,2,0,0,0,0,2,0,2,2,2,0,2,2,2,0,0,0,1,0,0,1,2,0,1,1,0,0,1,1,1,2,0,1,2,0,2,2,1,2,2,2,0,1,2,2,0,1,0,0,0,0,2,0,2,0,0,1,2,2,0,2,1,0,2,0,0,0,1,2,0,2,0,1,2,1,1,2,1,1,1,1,0,0,1,1,0,0,0,1,1,0,0,2,0,0,0,2,0,1
87,0,0,1,0,2,2,0,1,2,1,0,2,1,1,1,1,1,1,2,1,1,0,0,1,0,2,1,0,2,2,1,2,1,1,0,0,2,0,2,1,1,0,1,0,0,1,0,1,2,1,0,1,2,2,2,1,0,1,0,2,1,0,1,2,2,1,0,0,1,0,1,0,1,1,0,2,1,0,2,1,1,0,1,2,1,0,2,1,2,1,1,2,1,0,1,2,2,2,0,2,0,2,2,1,2,2,0,0,2,0,1,1,0,2,0,0,0,1,1,1,1,0,2,2,0,1,0,0,2,2,2,0,2,0,2,0,2,0,2,0,0,1,1,0,0,1,1,2,2,0,1,0,1,2,2,0,2,0,2,2,1,1,2,1,1,0,1,2,2,1,1,2,2,2,2,1,2,2,1,2,0,0,0,1,2,2,2,0,1,1,0,1,1,1,2,2,2,1,0,2,1,2,1,2,0,2,2,2,0,1,2,0,2,0,0,0,2,2,0,0,2,0,0,2,1,1,0,2,2,0,2,0,1,2,0,2,0
88,2,1,0,2,0,0,0,0,2,0,2,0,2,1,0,2,0,1,0,2,1,1,0,0,1,2,1,2,2,1,2,1,2,0,1,0,0,0,0,1,1,0,1,1,0,1,2,0,0,0,1,2,2,0,1,1,2,0,0,1,0,2,2,2,0,1,1,2,2,0,0,1,2,2,2,0,2,0,1,0,0,2,0,2,0,1,0,0,0,1,1,0,1,2,2,2,2,1,2,2,1,0,2,2,2,1,0,2,1,1,0,0,1,1,2,1,2,2,1,1,2,2,2,2,0,0,0,1,1,0,0,2,0,2,2,1,1,2,0,0,2,2,1,1,2,0,0,2,1,2,1,0,2,0,2,0,1,2,2,1,2,0,0,2,0,2,0,2,0,0,2,1,2,2,0,2,2,0,0,2,0,1,1,2,1,2,2,1,2,1,0,0,2,2,1,1,0,1,1,0,1,1,0,1,1,1,1,0,2,2,1,2,2,2,0,2,0,1,1,2,0,0,0,1,0,0,0,1,0,2,1,1,0,1,1,1,0
89,0,2,1,1,0,1,0,1,2,0,0,0,1,1,2,0,0,2,2,2,1,2,1,1,0,1,1,0,1,0,1,0,2,1,1,2,2,0,0,2,0,0,0,0,0,2,2,0,2,1,1,1,0,1,2,2,0,1,1,0,1,1,0,2,0,2,0,2,2,1,1,1,1,1,0,2,0,0,1,0,2,2,2,0,1,1,1,0,0,2,1,1,1,1,1,2,2,0,2,2,0,0,1,2,1,2,0,2,0,1,1,1,1,2,0,0,2,0,2,2,0,2,2,0,0,0,2,1,1,0,1,2,1,2,1,2,1,1,0,2,1,0,2,1,2,0,0,0,1,1,0,0,1,2,0,1,2,1,0,2,0,1,0,1,2,2,0,1,2,2,2,1,0,1,0,2,0,2,0,0,1,1,0,2,2,1,2,2,2,2,1,0,1,2,2,1,0,2,2,2,2,0,2,1,2,1,0,2,2,0,1,2,1,2,1,2,1,2,1,1,1,0,2,1,2,1,2,0,1,0,2,0,1,1,0,2,2
90,2,1,0,2,2,2,0,2,1,2,1,1,0,1,1,2,1,1,0,1,2,0,1,1,2,0,1,1,1,1,1,2,0,2,0,0,0,2,0,1,0,2,0,1,2,2,1,1,0,2,1,2,2,1,0,1,1,0,0,0,0,1,1,2,2,2,2,0,2,0,2,2,0,2,0,0,0,1,0,0,2,2,2,1,2,2,2,1,2,1,2,0,0,0,2,2,2,2,2,2,0,0,2,2,2,1,2,2,0,0,1,0,0,1,0,1,2,2,2,2,1,1,0,0,2,0,1,0,0,1,0,2,1,0,1,0,0,0,1,1,0,0,1,0,2,2,1,2,2,1,0,0,2,0,0,0,2,2,0,1,1,0,2,1,2,2,0,1,0,1,1,2,0,0,0,2,1,2,0,1,1,2,1,2,1,2,1,1,1,0,2,1,2,1,0,1,1,1,0,2,2,1,1,1,1,0,1,2,2,0,1,0,2,1,2,0,2,0,0,2,1,0,2,0,2,0,0,1,2,0,1,2,1,1,2,0,0
91,2,1,0,1,0,0,1,1,2,1,2,0,2,1,1,0,2,0,2,2,2,1,1,0,1,0,2,0,1,1,2,2,2,1,2,0,1,0,2,2,2,2,1,2,0,0,1,2,2,1,0,0,1,0,2,2,0,1,1,1,2,2,2,0,1,1,1,0,2,1,0,2,1,2,1,1,0,1,2,2,0,0,0,2,0,1,1,0,0,0,2,1,1,0,2,2,1,0,1,1,0,2,2,0,1,0,0,2,1,1,0,0,0,2,0,0,1,0,1,2,2,2,0,1,1,0,0,2,2,0,0,1,0,2,2,2,0,0,1,2,2,0,2,2,1,1,0,2,1,0,2,2,2,2,1,2,0,2,0,2,1,0,1,0,0,0,0,0,2,2,1,1,2,2,0,1,2,1,0,0,1,2,1,2,1,1,1,0,2,2,0,1,0,2,1,1,1,2,2,0,2,1,0,0,0,0,2,0,2,1,0,1,1,0,0,0,2,0,1,2,2,0,0,1,0,2,2,0,0,1,2,2,1,1,0,1,1
92,1,1,2,2,0,2,0,1,0,0,0,0,1,1,1,2,0,0,1,1,2,1,0,2,2,2,0,0,0,0,2,1,1,2,2,2,0,2,2,0,1,0,0,0,0,1,2,2,2,0,2,2,2,0,1,0,1,2,2,2,1,2,1,1,0,2,1,0,1,1,1,2,0,1,2,1,2,0,1,1,2,2,1,0,0,0,1,2,0,0,2,0,0,1,1,1,2,2,0,1,0,0,0,1,1,1,0,1,2,2,0,2,1,2,0,0,1,2,2,2,1,2,2,0,2,0,2,2,1,1,1,1,2,2,0,1,0,2,2,2,0,0,2,1,2,0,1,2,0,2,2,0,0,2,2,1,1,0,0,1,2,1,0,2,2,1,1,2,1,1,1,1,0,2,2,2,0,0,2,1,0,1,0,0,0,2,0,2,0,1,0,1,0,0,1,0,0,2,2,1,2,2,1,0,2,2,0,0,2,0,0,1,0,1,2,2,0,2,2,1,1,0,2,0,2,1,2,0,0,1,1,2,0,0,2,2,2
93,0,0,2,1,0,2,0,0,2,1,0,2,0,2,1,2,0,1,0,0,0,1,0,0,1,1,0,0,1,2,2,1,0,0,1,1,1,2,2,0,1,1,0,1,1,0,2,2,2,1,1,2,0,2,1,1,2,1,1,1,1,0,1,0,1,0,0,2,1,1,0,1,1,0,2,1,1,1,2,0,2,2,2,0,2,0,1,2,2,0,2,1,1,0,0,1,1,1,0,2,0,2,0,2,1,0,0,0,2,2,0,2,0,0,2,2,1,1,0,0,2,2,2,1,1,1,1,0,1,1,0,0,0,2,2,0,2,0,1,1,0,2,2,1,1,0,0,1,1,2,1,2,1,2,2,2,1,1,1,0,2,2,2,2,2,2,2,1,1,0,1,1,2,0,1,2,0,1,0,1,0,1,2,0,0,1,0,0,2,0,0,2,0,0,2,1,0,0,1,0,2,0,2,2,1,2,0,1,2,0,1,2,0,1,1,0,1,2,1,1,0,2,2,0,1,0,2,0,1,0,1,2,0,1,2,1,2
94,1,2,1,1,2,2,1,2,2,2,2,2,1,2,0,2,1,2,1,2,2,2,1,0,2,0,0,0,0,1,1,1,1,2,0,2,1,2,2,0,2,1,0,2,0,0,0,1,1,0,1,2,0,1,0,0,0,0,0,2,0,1,2,0,1,0,0,1,1,1,1,0,1,2,1,2,1,1,2,2,0,1,1,2,1,0,2,1,0,0,0,2,0,1,1,2,0,1,0,0,2,1,2,2,1,2,2,1,1,0,2,2,2,0,2,0,0,1,2,1,2,0,0,1,1,1,0,0,0,2,2,0,2,1,2,0,2,2,2,1,0,2,1,2,2,2,1,1,1,1,1,0,1,1,1,0,1,1,1,2,1,0,2,1,1,0,0,1,0,0,2,2,0,0,0,0,1,1,0,1,1,2,1,0,0,1,0,0,0,1,2,0,0,2,2,2,2,0,0,1,1,2,0,1,2,2,1,0,2,2,1,1,1,2,0,1,0,2,1,1,1,1,0,2,2,2,0,2,1,2,0,2,2,0,0,0,1
95,1,1,2,2,0,1,0,2,1,0,0,2,1,0,1,2,2,1,1,1,1,2,2,2,2,0,2,2,0,2,1,2,2,2,1,1,1,1,0,2,1,1,0,2,2,1,0,2,1,2,2,2,2,2,2,2,1,0,2,1,1,0,2,1,1,0,0,2,1,1,1,2,2,1,1,0,1,2,2,2,2,1,2,2,1,1,0,1,2,2,1,0,0,1,1,2,2,2,0,2,2,0,1,0,0,0,2,1,0,1,1,0,1,1,1,1,0,1,2,0,0,0,0,0,1,2,1,2,2,0,0,0,0,1,2,0,1,1,2,0,0,0,0,1,2,1,1,2,0,0,2,1,2,1,1,0,0,1,0,0,1,1,1,2,0,2,1,0,1,2,2,0,0,0,1,2,0,1,0,2,2,0,1,2,2,1,0,2,1,1,2,0,2,1,0,1,2,1,1,2,1,1,1,0,0,0,1,0,1,0,1,2,1,1,2,0,0,1,0,1,1,0,1,0,1,1,0,1,1,0,1,2,2,0,2,1,0
96,2,2,1,0,2,2,1,0,0,2,2,1,0,2,0,0,2,2,1,2,1,0,1,2,2,2,1,0,0,2,0,1,2,1,0,0,2,1,0,2,0,0,0,0,1,2,1,2,2,0,2,2,1,1,0,1,1,1,0,1,2,2,1,1,1,0,2,2,1,0,1,1,2,1,1,1,0,0,2,2,0,0,0,2,1,2,1,2,2,2,1,1,1,0,1,0,0,2,0,1,1,0,1,1,0,1,1,1,1,1,1,2,1,2,2,0,1,1,2,1,1,2,2,1,2,0,1,2,1,0,0,0,0,1,0,0,2,0,1,2,2,2,1,0,2,2,0,1,0,1,0,2,2,2,2,0,0,0,2,0,2,1,1,0,1,2,2,0,1,0,2,1,0,2,0,2,1,2,2,1,2,2,2,1,2,1,1,2,0,1,1,1,0,1,1,1,2,1,2,0,0,2,2,1,1,1,2,2,0,1,2,2,1,0,0,1,1,1,1,2,0,1,2,2,0,2,1,1,2,0,1,1,2,1,1,0,1
97,2,2,1,2,1,0,1,0,1,2,2,2,0,1,2,0,2,0,2,0,2,2,1,0,0,1,0,0,2,2,2,2,0,2,1,1,1,2,2,1,1,0,1,1,2,1,0,2,0,0,1,1,1,1,2,1,2,1,2,2,2,1,2,2,2,1,1,2,0,0,1,1,1,1,1,1,0,2,0,1,0,1,1,1,2,0,2,1,0,0,0,2,0,0,2,2,2,0,2,2,1,0,1,0,2,1,2,0,2,1,2,0,0,0,0,1,2,2,2,1,0,0,0,2,2,2,1,0,0,0,1,2,2,2,1,1,1,0,0,2,2,0,1,0,0,1,1,0,0,2,0,1,1,2,2,0,1,1,2,2,2,0,2,2,1,1,0,0,2,2,2,1,2,2,0,1,2,0,1,2,1,2,0,1,1,1,0,2,2,1,0,1,1,0,1,2,2,2,1,2,2,1,0,2,0,2,1,1,0,1,2,2,2,1,2,1,2,1,2,2,1,2,2,0,2,1,1,2,0,1,2,0,2,2,2,2,0
98,0,2,1,1,1,1,2,0,2,1,1,1,2,2,1,2,0,2,0,2,0,2,0,2,2,2,0,0,1,2,0,2,2,1,1,0,0,1,0,0,1,1,0,1,1,1,1,0,0,2,1,2,1,2,2,1,2,1,1,1,1,2,0,0,0,0,1,2,2,1,2,0,0,1,0,1,0,0,0,0,0,0,0,0,1,1,2,2,1,0,0,2,1,0,0,1,1,2,0,0,0,2,0,0,0,1,2,2,2,2,2,1,0,2,1,0,1,0,0,1,1,0,1,1,2,0,1,2,0,2,1,2,1,2,2,2,2,2,0,2,0,2,2,0,1,1,0,0,1,0,1,0,1,2,1,2,0,1,2,1,1,0,0,1,2,0,0,0,1,2,0,1,2,1,1,1,2,1,0,2,1,0,1,2,0,0,1,1,1,1,0,0,0,2,2,0,0,0,2,2,1,0,0,0,0,2,0,2,0,1,1,2,1,0,1,2,0,0,0,1,2,0,0,1,1,0,0,0,2,2,0,2,0,2,0,2,1
99,2,0,1,0,1,1,2,0,2,0,0,0,2,2,1,1,1,2,1,1,1,0,1,1,1,2,1,1,2,0,1,2,0,1,1,2,2,2,1,1,1,1,1,0,1,2,1,0,2,2,0,1,1,1,0,0,0,2,1,2,0,1,1,0,2,1,1,2,1,0,1,1,1,0,1,1,2,1,1,1,2,2,0,1,2,2,2,1,2,0,1,1,1,2,2,2,1,0,2,1,2,0,1,2,1,1,1,1,1,2,2,2,1,1,1,1,1,0,2,0,0,1,1,1,1,0,0,2,0,1,1,1,2,0,2,1,1,1,0,1,2,2,1,1,0,1,1,2,0,0,0,2,2,0,1,0,1,1,1,2,0,2,0,1,2,1,2,0,0,1,2,2,1,1,0,1,1,2,0,0,0,0,2,1,1,2,2,2,2,1,1,1,2,1,2,2,0,0,0,0,0,1,0,2,0,2,1,2,2,2,2,0,1,2,0,1,2,1,0,0,1,0,2,0,2,0,2,2,0,0,2,2,0,2,1,1,0
100,0,0,2,1,0,2,1,0,1,0,0,0,2,2,0,1,0,1,2,1,0,0,0,0,2,2,0,1,2,0,1,1,0,2,1,0,0,1,1,0,2,0,0,1,0,2,0,2,2,0,1,2,0,1,1,0,1,1,2,2,1,2,0,2,0,0,2,2,2,2,1,2,1,1,0,2,0,2,1,0,1,2,1,2,0,1,1,2,2,0,1,2,2,2,0,0,0,0,0,1,2,0,0,0,2,2,0,1,0,2,0,0,2,2,1,1,1,0,2,2,2,0,0,1,1,2,1,2,1,0,2,0,2,2,1,1,0,1,0,2,1,2,1,2,1,2,1,0,1,2,2,1,2,0,2,0,0,2,2,2,0,1,1,2,2,2,1,2,0,0,2,1,2,2,2,2,0,0,0,0,2,1,1,2,1,0,0,2,1,2,1,1,1,1,0,2,2,1,0,2,0,1,0,0,2,1,1,0,2,2,1,2,0,2,1,2,2,2,1,0,0,2,0,2,2,0,0,0,1,0,1,1,1,0,2,1,2
